#
# A fatal error has been detected by the Java Runtime Environment:
#
#  EXCEPTION_ACCESS_VIOLATION (0xc0000005) at pc=0x00007ffbd349e479, pid=10292, tid=18604
#
# JRE version: Java(TM) SE Runtime Environment (25.0.2+10) (build 25.0.2+10-LTS-69)
# Java VM: Java HotSpot(TM) 64-Bit Server VM (25.0.2+10-LTS-69, mixed mode, sharing, tiered, compressed oops, compressed class ptrs, g1 gc, windows-amd64)
# Problematic frame:
# C  [awt.dll+0xde479]
#
# No core dump will be written. Minidumps are not enabled by default on client versions of Windows
#
# If you would like to submit a bug report, please visit:
#   https://bugreport.java.com/bugreport/crash.jsp
# The crash happened outside the Java Virtual Machine in native code.
# See problematic frame for where to report the bug.
#

---------------  S U M M A R Y ------------

Command Line: -javaagent:C:\Users\Trong\Downloads\IntelliJ IDEA 2025.3.3\lib\idea_rt.jar=51526 -Dfile.encoding=UTF-8 -Dsun.stdout.encoding=UTF-8 -Dsun.stderr.encoding=UTF-8 client.ui.auth.AuthFrame

Host: 13th Gen Intel(R) Core(TM) i7-1355U, 12 cores, 15G,  Windows 11 , 64 bit Build 26100 (10.0.26100.8246)
Time: Tue Apr 28 13:09:09 2026 SE Asia Standard Time elapsed time: 783.153110 seconds (0d 0h 13m 3s)

---------------  T H R E A D  ---------------

Current thread (0x000002db61df6220):  JavaThread "AWT-EventQueue-0"        [_thread_in_native, id=18604, stack(0x000000ecb5800000,0x000000ecb5900000) (1024K)]

Stack: [0x000000ecb5800000,0x000000ecb5900000],  sp=0x000000ecb58fef80,  free space=1019k
Native frames: (J=compiled Java code, j=interpreted, Vv=VM code, C=native code)
C  [awt.dll+0xde479]  (no source info available)
C  [awt.dll+0xdd812]  (no source info available)
C  0x000002db51d2d193  (no source info available)

The last pc belongs to native method entry point (kind = native) (printed below).
Java frames: (J=compiled Java code, j=interpreted, Vv=VM code)
j  sun.awt.Win32GraphicsConfig.getBounds(I)Ljava/awt/Rectangle;+0 java.desktop@25.0.2
j  sun.awt.Win32GraphicsConfig.getBounds()Ljava/awt/Rectangle;+8 java.desktop@25.0.2
j  sun.awt.Win32GraphicsDevice.displayChanged()V+23 java.desktop@25.0.2
j  sun.awt.Win32GraphicsEnvironment.displayChanged()V+271 java.desktop@25.0.2
j  sun.awt.windows.WToolkit.lambda$displayChanged$0()V+15 java.desktop@25.0.2
j  sun.awt.windows.WToolkit$$Lambda+0x000000001512b5f0.run()V+0 java.desktop@25.0.2
J 2580 c2 java.awt.EventDispatchThread.pumpOneEventForFilters(I)V java.desktop@25.0.2 (106 bytes) @ 0x000002db5236c2cc [0x000002db5236bb00+0x00000000000007cc]
j  java.awt.EventDispatchThread.pumpEventsForFilter(ILjava/awt/Conditional;Ljava/awt/EventFilter;)V+35 java.desktop@25.0.2
j  java.awt.EventDispatchThread.pumpEventsForHierarchy(ILjava/awt/Conditional;Ljava/awt/Component;)V+11 java.desktop@25.0.2
j  java.awt.EventDispatchThread.pumpEvents(ILjava/awt/Conditional;)V+4 java.desktop@25.0.2
j  java.awt.EventDispatchThread.pumpEvents(Ljava/awt/Conditional;)V+3 java.desktop@25.0.2
j  java.awt.EventDispatchThread.run()V+9 java.desktop@25.0.2
v  ~StubRoutines::call_stub 0x000002db51d212ed

siginfo: EXCEPTION_ACCESS_VIOLATION (0xc0000005), reading address 0x0000000000000028


Registers:
RAX=0x0000000000000000, RBX=0x000002db664300d0, RCX=0x0000000000000000, RDX=0x0000000000000000
RSP=0x000000ecb58fef80, RBP=0x0000000000000000, RSI=0x0000000000000000, RDI=0x0000000000000000
R8 =0x0000000000000001, R9 =0x000000ecb3c08000, R10=0x000002db622e6990, R11=0x0000000000000004
R12=0x0000000000000000, R13=0x000002db61df7178, R14=0x000002db660b8330, R15=0x0000000000000000
RIP=0x00007ffbd349e479, EFLAGS=0x0000000000010246

XMM[0]=0x0000000000000000 0x0000000000000000
XMM[1]=0x0000000000000000 0x000000ecb58ff050
XMM[2]=0x0000000000000000 0x0000000000000000
XMM[3]=0x0000000000000000 0x0000000000000000
XMM[4]=0x0000000000000000 0x0000000000000000
XMM[5]=0x0000000000000000 0x0000000000000000
XMM[6]=0x0000000000000000 0x4089960000000000
XMM[7]=0x0000000000000000 0x3f1a36e2eb1c432d
XMM[8]=0x0000000000000000 0x0000000000000000
XMM[9]=0x0000000000000000 0x403f000000000000
XMM[10]=0x0000000000000000 0x3f6b6132a7041b61
XMM[11]=0x0000000000000000 0x3fa4a5294a5294a5
XMM[12]=0x0000000000000000 0x0000000000000000
XMM[13]=0x0000000000000000 0x403f000000000000
XMM[14]=0x0000000000000000 0x0000000000000000
XMM[15]=0x0000000000000000 0x0000000000000000
  MXCSR=0x00001fa2


Register to memory mapping:

RAX=0x0 is null
RBX=0x000002db664300d0 points into unknown readable memory: 0x000002db68374c40 | 40 4c 37 68 db 02 00 00
RCX=0x0 is null
RDX=0x0 is null
RSP=0x000000ecb58fef80 is pointing into the stack for thread: 0x000002db61df6220
RBP=0x0 is null
RSI=0x0 is null
RDI=0x0 is null
R8 =0x0000000000000001 is an unknown value
R9 =0x000000ecb3c08000 points into unknown readable memory: 0x0000000000000000 | 00 00 00 00 00 00 00 00
R10={method} {0x000002db622e6998} '<init>' '(IIII)V' in 'java/awt/Rectangle'
R11=0x0000000000000004 is an unknown value
R12=0x0 is null
R13=0x000002db61df7178 points into unknown readable memory: 0x000002db622e6990 | 90 69 2e 62 db 02 00 00
R14=0x000002db660b8330 points into unknown readable memory: 0x0000000714264d20 | 20 4d 26 14 07 00 00 00
R15=0x0 is null

Top of Stack: (sp=0x000000ecb58fef80)
0x000000ecb58fef80:   00007ffbd34fc838 000002db664300d0   8.O.......Cf....
0x000000ecb58fef90:   000002db660b8330 000002db664300d0   0..f......Cf....
0x000000ecb58fefa0:   000002db61df6668 00007ffbd349d812   hf.a......I.....
0x000000ecb58fefb0:   000002db664300d0 000002db664300d0   ..Cf......Cf....
0x000000ecb58fefc0:   0000000000000000 0000000000000000   ................
0x000000ecb58fefd0:   000002db61df6220 00007ffb5bb90000    b.a.......[....
0x000000ecb58fefe0:   000002db61df6220 0000000000000032    b.a....2.......
0x000000ecb58feff0:   0000000000000000 0000000000000000   ................
0x000000ecb58ff000:   0000cdba83bfc1c3 00000000000000b6   ................
0x000000ecb58ff010:   000002db61df6220 000000ecb58ff0f8    b.a............
0x000000ecb58ff020:   000002db622df088 0000000000000000   ..-b............
0x000000ecb58ff030:   00000000000000e8 0000000000000032   ........2.......
0x000000ecb58ff040:   000000ecb58ff0d0 000002db51d2d193   ...........Q....
0x000000ecb58ff050:   000000ecb58ff068 000002db622df088   h.........-b....
0x000000ecb58ff060:   000002db51d28b18 0000000000000000   ...Q............
0x000000ecb58ff070:   0000000714263160 00000007127ab600   `1&.......z.....
0x000000ecb58ff080:   00000007127ab600 fffffffffffffff7   ..z.............
0x000000ecb58ff090:   0000000000000000 0000000000000005   ................
0x000000ecb58ff0a0:   000002db622e1880 0000000000000000   ...b............
0x000000ecb58ff0b0:   0000000714264468 000002db622df088   hD&.......-b....
0x000000ecb58ff0c0:   0000000000000000 000000ecb58ff0f0   ................
0x000000ecb58ff0d0:   000000ecb58ff148 000002db51d28cb2   H..........Q....
0x000000ecb58ff0e0:   0000000000000000 000002db51d2a75a   ........Z..Q....
0x000000ecb58ff0f0:   0000000000000000 00000007127ab600   ..........z.....
0x000000ecb58ff100:   fffffffffffffff7 000002db622df130   ........0.-b....
0x000000ecb58ff110:   0000000000000002 000002db622e1880   ...........b....
0x000000ecb58ff120:   0000000000000000 0000000714264468   ........hD&.....
0x000000ecb58ff130:   000002db622df148 fffffffffffffff5   H.-b............
0x000000ecb58ff140:   000000ecb58ff158 000000ecb58ff1a8   X...............
0x000000ecb58ff150:   000002db51d28cb2 00000007127ab600   ...Q......z.....
0x000000ecb58ff160:   fffffffffffffff7 000002db6229fbdf   ..........)b....
0x000000ecb58ff170:   0000000000000003 000002db622a1360   ........`.*b....

Instructions: (pc=0x00007ffbd349e479)
  0x00007ffbd349e379:   cc cc cc cc cc cc cc 48 89 5c 24 08 48 89 6c 24
  0x00007ffbd349e389:   10 48 89 74 24 18 57 48 83 ec 20 41 8b f8 0f b6
  0x00007ffbd349e399:   f2 48 8b e9 e8 0e a0 f4 ff 48 8b d8 48 89 44 24
  0x00007ffbd349e3a9:   48 41 b8 01 00 00 00 8b d7 48 8b c8 e8 66 9f f4
  0x00007ffbd349e3b9:   ff 48 8b c8 44 0f b6 c6 48 8b d5 e8 77 fa ff ff
  0x00007ffbd349e3c9:   48 8b f8 48 8b cb e8 9c a1 f4 ff 90 48 8b c7 48
  0x00007ffbd349e3d9:   8b 5c 24 30 48 8b 6c 24 38 48 8b 74 24 40 48 83
  0x00007ffbd349e3e9:   c4 20 5f c3 cc cc cc 48 8b 49 28 e9 17 07 00 00
  0x00007ffbd349e3f9:   cc cc cc cc cc cc cc 48 89 5c 24 08 57 48 83 ec
  0x00007ffbd349e409:   20 8b f9 e8 9f 9f f4 ff 48 8b d8 48 89 44 24 38
  0x00007ffbd349e419:   41 b8 01 00 00 00 8b d7 48 8b c8 e8 f7 9e f4 ff
  0x00007ffbd349e429:   48 8b 08 8b 39 48 8b cb e8 3a a1 f4 ff 90 8b c7
  0x00007ffbd349e439:   48 8b 5c 24 30 48 83 c4 20 5f c3 cc cc cc cc cc
  0x00007ffbd349e449:   cc cc cc cc cc cc cc 48 89 5c 24 08 57 48 83 ec
  0x00007ffbd349e459:   20 8b f9 e8 4f 9f f4 ff 48 8b d8 48 89 44 24 38
  0x00007ffbd349e469:   41 b8 01 00 00 00 8b d7 48 8b c8 e8 a7 9e f4 ff
=>0x00007ffbd349e479:   48 8b 78 28 48 8b cb e8 eb a0 f4 ff 90 48 8b c7
  0x00007ffbd349e489:   48 8b 5c 24 30 48 83 c4 20 5f c3 cc cc cc cc cc
  0x00007ffbd349e499:   cc cc cc cc cc cc cc 48 89 5c 24 08 57 48 83 ec
  0x00007ffbd349e4a9:   20 8b f9 e8 ff 9e f4 ff 48 8b d8 48 89 44 24 38
  0x00007ffbd349e4b9:   41 b8 01 00 00 00 8b d7 48 8b c8 e8 57 9e f4 ff
  0x00007ffbd349e4c9:   48 8b 78 30 48 8b cb e8 9b a0 f4 ff 90 48 8b c7
  0x00007ffbd349e4d9:   48 8b 5c 24 30 48 83 c4 20 5f c3 cc cc cc cc cc
  0x00007ffbd349e4e9:   cc cc cc cc cc cc cc 48 89 5c 24 08 57 48 83 ec
  0x00007ffbd349e4f9:   20 8b f9 e8 af 9e f4 ff 48 8b d8 48 89 44 24 38
  0x00007ffbd349e509:   41 b8 01 00 00 00 8b d7 48 8b c8 e8 07 9e f4 ff
  0x00007ffbd349e519:   48 8b 78 08 48 85 ff 74 07 48 8b bf 08 0c 00 00
  0x00007ffbd349e529:   48 8b cb e8 3f a0 f4 ff 90 48 8b c7 48 8b 5c 24
  0x00007ffbd349e539:   30 48 83 c4 20 5f c3 f3 0f 10 41 48 c3 cc cc cc
  0x00007ffbd349e549:   cc cc cc cc cc cc cc f3 0f 10 41 4c c3 cc cc cc
  0x00007ffbd349e559:   cc cc cc cc cc cc cc 48 89 5c 24 10 48 89 74 24
  0x00007ffbd349e569:   18 55 57 41 56 48 8d 6c 24 e0 48 81 ec 20 01 00


Stack slot to memory mapping:

stack at sp + 0 slots: 0x00007ffbd34fc838 awt.dll
stack at sp + 1 slots: 0x000002db664300d0 points into unknown readable memory: 0x000002db68374c40 | 40 4c 37 68 db 02 00 00
stack at sp + 2 slots: 0x000002db660b8330 points into unknown readable memory: 0x0000000714264d20 | 20 4d 26 14 07 00 00 00
stack at sp + 3 slots: 0x000002db664300d0 points into unknown readable memory: 0x000002db68374c40 | 40 4c 37 68 db 02 00 00
stack at sp + 4 slots: 0x000002db61df6668 points into unknown readable memory: 0x00007ffb5c876ba0 | a0 6b 87 5c fb 7f 00 00
stack at sp + 5 slots: 0x00007ffbd349d812 awt.dll
stack at sp + 6 slots: 0x000002db664300d0 points into unknown readable memory: 0x000002db68374c40 | 40 4c 37 68 db 02 00 00
stack at sp + 7 slots: 0x000002db664300d0 points into unknown readable memory: 0x000002db68374c40 | 40 4c 37 68 db 02 00 00

Lock stack of current Java thread (top to bottom):

native method entry point (kind = native)  [0x000002db51d2cdc0, 0x000002db51d2d8b8]  2808 bytes
[MachCode]
  0x000002db51d2cdc0: 488b 4b08 | 0fb7 492e | 584c 8d74 | ccf8 6800 | 0000 0068 | 0000 0000 | 5055 488b | ec41 5548 
  0x000002db51d2cde0: 8b43 084c | 8d68 3848 | 8b40 0868 | 0000 0000 | 5348 8b50 | 1848 8b52 | 7048 8b12 | 5248 8b53 
  0x000002db51d2ce00: 1048 85d2 | 7407 4881 | c2d0 0000 | 0052 488b | 5010 5249 | 8bc6 482b | c548 c1e8 | 0350 6800 
  0x000002db51d2ce20: 0000 0068 | f7ff ffff | 41c6 87f1 | 0400 0001 | 488b 4310 | 4885 c074 | 208b 8890 | 0000 0083 
  0x000002db51d2ce40: c102 8988 | 9000 0000 | 2388 a400 | 0000 0f84 | b209 0000 | e9cf 0000 | 0048 8b43 | 1848 85c0 
  0x000002db51d2ce60: 0f85 b000 | 0000 e805 | 0000 00e9 | 9900 0000 | 488b d348 | 8d44 2408 | 4c89 6dc0 | 498b cfc5 
  0x000002db51d2ce80: f877 4989 | af38 0400 | 0049 8987 | 2804 0000 | 4883 ec20 | 40f6 c40f | 0f84 1900 | 0000 4883 
  0x000002db51d2cea0: ec08 48b8 | 4022 005c | fb7f 0000 | ffd0 4883 | c408 e90c | 0000 0048 | b840 2200 | 5cfb 7f00 
  0x000002db51d2cec0: 00ff d048 | 83c4 2049 | c787 2804 | 0000 0000 | 0000 49c7 | 8738 0400 | 0000 0000 | 0049 c787 
  0x000002db51d2cee0: 3004 0000 | 0000 0000 | c5f8 7749 | 837f 0800 | 0f84 0500 | 0000 e9e5 | 42ff ff4c | 8b6d c04c 
  0x000002db51d2cf00: 8b75 c84e | 8d74 f500 | c348 8b43 | 1848 85c0 | 0f84 1200 | 0000 8b48 | 0883 c102 | 8948 0823 
  0x000002db51d2cf20: 482c 0f84 | de08 0000 | 493b a770 | 0500 000f | 8748 0000 | 0089 8424 | 00f0 ffff | 8984 2400 
  0x000002db51d2cf40: e0ff ff89 | 8424 00d0 | ffff 8984 | 2400 c0ff | ff89 8424 | 00b0 ffff | 8984 2400 | a0ff ff89 
  0x000002db51d2cf60: 8424 0090 | ffff 8984 | 2400 80ff | ff49 3ba7 | 6805 0000 | 7607 4989 | a770 0500 | 0041 c687 
  0x000002db51d2cf80: f104 0000 | 0048 8b5d | e84c 8b5b | 0845 0fb7 | 5b2e 41c1 | e303 492b | e348 83ec | 2048 83e4 
  0x000002db51d2cfa0: f04c 8b5b | 604d 85db | 0f85 ab00 | 0000 e805 | 0000 00e9 | 9900 0000 | 488b d348 | 8d44 2408 
  0x000002db51d2cfc0: 4c89 6dc0 | 498b cfc5 | f877 4989 | af38 0400 | 0049 8987 | 2804 0000 | 4883 ec20 | 40f6 c40f 
  0x000002db51d2cfe0: 0f84 1900 | 0000 4883 | ec08 48b8 | 704b 005c | fb7f 0000 | ffd0 4883 | c408 e90c | 0000 0048 
  0x000002db51d2d000: b870 4b00 | 5cfb 7f00 | 00ff d048 | 83c4 2049 | c787 2804 | 0000 0000 | 0000 49c7 | 8738 0400 
  0x000002db51d2d020: 0000 0000 | 0049 c787 | 3004 0000 | 0000 0000 | c5f8 7749 | 837f 0800 | 0f84 0500 | 0000 e99d 
  0x000002db51d2d040: 41ff ff4c | 8b6d c04c | 8b75 c84e | 8d74 f500 | c348 8b5d | e84c 8b5b | 6041 ffd3 | 488b 5de8 
  0x000002db51d2d060: 4889 4518 | 440f b75b | 2c41 f6c3 | 080f 841b | 0000 004c | 8b5b 084d | 8b5b 084d | 8b5b 184d 
  0x000002db51d2d080: 8b5b 704d | 8b1b 4c89 | 5d10 488d | 5510 488b | 4358 49ba | 4015 3b5c | fb7f 0000 | 493b c20f 
  0x000002db51d2d0a0: 85ab 0000 | 00e8 0500 | 0000 e999 | 0000 0048 | 8bd3 488d | 4424 084c | 896d c049 | 8bcf c5f8 
  0x000002db51d2d0c0: 7749 89af | 3804 0000 | 4989 8728 | 0400 0048 | 83ec 2040 | f6c4 0f0f | 8419 0000 | 0048 83ec 
  0x000002db51d2d0e0: 0848 b870 | 4b00 5cfb | 7f00 00ff | d048 83c4 | 08e9 0c00 | 0000 48b8 | 704b 005c | fb7f 0000 
  0x000002db51d2d100: ffd0 4883 | c420 49c7 | 8728 0400 | 0000 0000 | 0049 c787 | 3804 0000 | 0000 0000 | 49c7 8730 
  0x000002db51d2d120: 0400 0000 | 0000 00c5 | f877 4983 | 7f08 000f | 8405 0000 | 00e9 a640 | ffff 4c8b | 6dc0 4c8b 
  0x000002db51d2d140: 75c8 4e8d | 74f5 00c3 | 488b 5de8 | 488b 4358 | 498d 8f48 | 0400 004c | 8d15 d500 | 0000 4d89 
  0x000002db51d2d160: 9730 0400 | 00c5 f877 | 4989 af38 | 0400 0049 | 89a7 2804 | 0000 41c7 | 87d4 0400 | 0004 0000 
  0x000002db51d2d180: 0049 3ba7 | c805 0000 | 7607 4989 | a7c8 0500 | 00ff d049 | 3ba7 c805 | 0000 720b | 49c7 87c8 
  0x000002db51d2d1a0: 0500 0000 | 0000 00c5 | f877 4883 | ec10 c5fb | 1104 2448 | 83ec 1048 | 8904 2448 | c744 2408 
  0x000002db51d2d1c0: 0000 0000 | 41c7 87d4 | 0400 0005 | 0000 00f0 | 8344 24c0 | 0049 3b6f | 280f 870e | 0000 0041 
  0x000002db51d2d1e0: 83bf d004 | 0000 000f | 8420 0000 | 0049 8bcf | 4c8b e448 | 83ec 2048 | 83e4 f048 | b8a0 af01 
  0x000002db51d2d200: 5cfb 7f00 | 00ff d049 | 8be4 4d33 | e441 c787 | d404 0000 | 0800 0000 | 4d8b 97f0 | 0500 0049 
  0x000002db51d2d220: 83fa 0074 | 3549 c787 | f005 0000 | 0000 0000 | 41ff e249 | ba60 bed2 | 51db 0200 | 0041 ffd2 
  0x000002db51d2d240: 4883 ec10 | c5fb 1104 | 2448 83ec | 1048 8904 | 2448 c744 | 2408 0000 | 0000 49c7 | 8728 0400 
  0x000002db51d2d260: 0000 0000 | 0049 c787 | 3804 0000 | 0000 0000 | 49c7 8730 | 0400 0000 | 0000 00c5 | f877 4d8b 
  0x000002db51d2d280: 9fb8 0400 | 0041 c783 | 0001 0000 | 0000 0000 | 49bb 5aa7 | d251 db02 | 0000 4c3b | 5d18 0f85 
  0x000002db51d2d2a0: 5501 0000 | 488b 0424 | 4883 c410 | 4885 c00f | 842f 0100 | 00a8 030f | 8508 0000 | 0048 8b00 
  0x000002db51d2d2c0: e91f 0100 | 00a8 010f | 8509 0000 | 0048 8b40 | fee9 0e01 | 0000 488b | 40ff 4180 | 7f48 000f 
  0x000002db51d2d2e0: 84ff 0000 | 0048 83f8 | 000f 84f5 | 0000 004d | 8b5f 384d | 85db 0f84 | 1400 0000 | 4983 eb08 
  0x000002db51d2d300: 4d89 5f38 | 4d03 5f40 | 4989 03e9 | d400 0000 | 4883 ec70 | 4889 0424 | 4889 4c24 | 0848 8954 
  0x000002db51d2d320: 2410 4c89 | 4424 184c | 894c 2420 | 4c89 5424 | 284c 895c | 2430 c5fb | 1144 2440 | c5fb 114c 
  0x000002db51d2d340: 2448 c5fb | 1154 2450 | c5fb 115c | 2458 c5fb | 1164 2460 | c5fb 116c | 2468 498b | d748 8bc8 
  0x000002db51d2d360: 4883 ec20 | 40f6 c40f | 0f84 1900 | 0000 4883 | ec08 48b8 | 2077 f45b | fb7f 0000 | ffd0 4883 
  0x000002db51d2d380: c408 e90c | 0000 0048 | b820 77f4 | 5bfb 7f00 | 00ff d048 | 83c4 20c5 | fb10 6c24 | 68c5 fb10 
  0x000002db51d2d3a0: 6424 60c5 | fb10 5c24 | 58c5 fb10 | 5424 50c5 | fb10 4c24 | 48c5 fb10 | 4424 404c | 8b5c 2430 
  0x000002db51d2d3c0: 4c8b 5424 | 284c 8b4c | 2420 4c8b | 4424 1848 | 8b54 2410 | 488b 4c24 | 0848 8b04 | 2448 83c4 
  0x000002db51d2d3e0: 70c5 f877 | 4889 4510 | 4883 ec10 | 4889 0424 | 48c7 4424 | 0800 0000 | 0041 83bf | 5005 0000 
  0x000002db51d2d400: 020f 85bf | 0000 0048 | 81ec 8000 | 0000 4889 | 4424 7848 | 894c 2470 | 4889 5424 | 6848 895c 
  0x000002db51d2d420: 2460 4889 | 6c24 5048 | 8974 2448 | 4889 7c24 | 404c 8944 | 2438 4c89 | 4c24 304c | 8954 2428 
  0x000002db51d2d440: 4c89 5c24 | 204c 8964 | 2418 4c89 | 6c24 104c | 8974 2408 | 4c89 3c24 | 4c8b e448 | 83ec 2048 
  0x000002db51d2d460: 83e4 f048 | b8b0 fc3a | 5cfb 7f00 | 00ff d049 | 8be4 4c8b | 3c24 4c8b | 7424 084c | 8b6c 2410 
  0x000002db51d2d480: 4c8b 6424 | 184c 8b5c | 2420 4c8b | 5424 284c | 8b4c 2430 | 4c8b 4424 | 3848 8b7c | 2440 488b 
  0x000002db51d2d4a0: 7424 4848 | 8b6c 2450 | 488b 5c24 | 6048 8b54 | 2468 488b | 4c24 7048 | 8b44 2478 | 4881 c480 
  0x000002db51d2d4c0: 0000 004d | 33e4 488b | 5de8 4c8b | 6b08 4d8d | 6d38 4983 | 7f08 000f | 84bb 0000 | 00e8 0500 
  0x000002db51d2d4e0: 0000 e996 | 0000 0048 | 8d44 2408 | 4c89 6dc0 | 498b cfc5 | f877 4989 | af38 0400 | 0049 8987 
  0x000002db51d2d500: 2804 0000 | 4883 ec20 | 40f6 c40f | 0f84 1900 | 0000 4883 | ec08 48b8 | b069 005c | fb7f 0000 
  0x000002db51d2d520: ffd0 4883 | c408 e90c | 0000 0048 | b8b0 6900 | 5cfb 7f00 | 00ff d048 | 83c4 2049 | c787 2804 
  0x000002db51d2d540: 0000 0000 | 0000 49c7 | 8738 0400 | 0000 0000 | 0049 c787 | 3004 0000 | 0000 0000 | c5f8 7749 
  0x000002db51d2d560: 837f 0800 | 0f84 0500 | 0000 e971 | 3cff ff4c | 8b6d c04c | 8b75 c84e | 8d74 f500 | c348 b968 
  0x000002db51d2d580: 0864 5cfb | 7f00 0048 | 83e4 f048 | b800 9127 | 5cfb 7f00 | 00ff d0f4 | 440f b75b | 2c41 f6c3 
  0x000002db51d2d5a0: 200f 8472 | 0100 0048 | 8d55 a84c | 8b5a 084d | 85db 0f85 | bb00 0000 | e805 0000 | 00e9 9600 
  0x000002db51d2d5c0: 0000 488d | 4424 084c | 896d c049 | 8bcf c5f8 | 7749 89af | 3804 0000 | 4989 8728 | 0400 0048 
  0x000002db51d2d5e0: 83ec 2040 | f6c4 0f0f | 8419 0000 | 0048 83ec | 0848 b8e0 | 6800 5cfb | 7f00 00ff | d048 83c4 
  0x000002db51d2d600: 08e9 0c00 | 0000 48b8 | e068 005c | fb7f 0000 | ffd0 4883 | c420 49c7 | 8728 0400 | 0000 0000 
  0x000002db51d2d620: 0049 c787 | 3804 0000 | 0000 0000 | 49c7 8730 | 0400 0000 | 0000 00c5 | f877 4983 | 7f08 000f 
  0x000002db51d2d640: 8405 0000 | 00e9 963b | ffff 4c8b | 6dc0 4c8b | 75c8 4e8d | 74f5 00c3 | 48b9 6808 | 645c fb7f 
  0x000002db51d2d660: 0000 4883 | e4f0 48b8 | 0091 275c | fb7f 0000 | ffd0 f44c | 896d c04c | 8b4a 0848 | c742 0800 
  0x000002db51d2d680: 0000 0045 | 8b87 d806 | 0000 4f3b | 4c07 f80f | 8542 0000 | 0041 83af | d806 0000 | 084f 3b4c 
  0x000002db51d2d6a0: 07f0 0f84 | 2a00 0000 | 498b 01a8 | 020f 8512 | 0000 004c | 8bc0 4983 | c801 f04d | 0fb1 010f 
  0x000002db51d2d6c0: 840d 0000 | 0041 8387 | d806 0000 | 08e9 0500 | 0000 e93e | 0000 004c | 894a 0848 | 8bca 4883 
  0x000002db51d2d6e0: ec20 40f6 | c40f 0f84 | 1900 0000 | 4883 ec08 | 48b8 303b | 005c fb7f | 0000 ffd0 | 4883 c408 
  0x000002db51d2d700: e90c 0000 | 0048 b830 | 3b00 5cfb | 7f00 00ff | d048 83c4 | 204c 8b6d | c041 c687 | 9603 0000 
  0x000002db51d2d720: 0149 3b6f | 280f 8705 | 0000 00e9 | ab00 0000 | 4883 ec10 | c5fb 1104 | 2448 83ec | 1048 8904 
  0x000002db51d2d740: 2448 c744 | 2408 0000 | 0000 c5f8 | 7749 89af | 3804 0000 | 49ba 4ad7 | d251 db02 | 0000 4d89 
  0x000002db51d2d760: 9730 0400 | 0049 89a7 | 2804 0000 | 498b cf48 | 83ec 2040 | f6c4 0f0f | 8419 0000 | 0048 83ec 
  0x000002db51d2d780: 0848 b8d0 | 2100 5cfb | 7f00 00ff | d048 83c4 | 08e9 0c00 | 0000 48b8 | d021 005c | fb7f 0000 
  0x000002db51d2d7a0: ffd0 4883 | c420 49c7 | 8728 0400 | 0000 0000 | 0049 c787 | 3804 0000 | 0000 0000 | 49c7 8730 
  0x000002db51d2d7c0: 0400 0000 | 0000 00c5 | f877 488b | 0424 4883 | c410 c5fb | 1004 2448 | 83c4 1048 | 8b04 2448 
  0x000002db51d2d7e0: 83c4 10c5 | fb10 0424 | 4883 c410 | 4c8b 5d18 | 41ff d34c | 8b5d f8c9 | 41c6 8796 | 0300 0000 
  0x000002db51d2d800: 5f49 8be3 | ffe7 ba00 | 0000 00e8 | 0500 0000 | e996 0000 | 0048 8d44 | 2408 4c89 | 6dc0 498b 
  0x000002db51d2d820: cfc5 f877 | 4989 af38 | 0400 0049 | 8987 2804 | 0000 4883 | ec20 40f6 | c40f 0f84 | 1900 0000 
  0x000002db51d2d840: 4883 ec08 | 48b8 2031 | 005c fb7f | 0000 ffd0 | 4883 c408 | e90c 0000 | 0048 b820 | 3100 5cfb 
  0x000002db51d2d860: 7f00 00ff | d048 83c4 | 2049 c787 | 2804 0000 | 0000 0000 | 49c7 8738 | 0400 0000 | 0000 0049 
  0x000002db51d2d880: c787 3004 | 0000 0000 | 0000 c5f8 | 7749 837f | 0800 0f84 | 0500 0000 | e943 39ff | ff4c 8b6d 
  0x000002db51d2d8a0: c04c 8b75 | c84e 8d74 | f500 c348 | 8b5d e8e9 | 74f6 ffff | 0f1f 4000 
[/MachCode]

Compiled method (c2) 783299 2580   !   4       java.awt.EventDispatchThread::pumpOneEventForFilters (106 bytes)
 total in heap  [0x000002db5236ba08,0x000002db5236de28] = 9248
 main code      [0x000002db5236bb00,0x000002db5236dd50] = 8784
 stub code      [0x000002db5236dd50,0x000002db5236de10] = 192
 oops           [0x000002db5236de10,0x000002db5236de28] = 24
 mutable data [0x000002db661f7220,0x000002db661f77b8] = 1432
 relocation     [0x000002db661f7220,0x000002db661f74b8] = 664
 metadata       [0x000002db661f74b8,0x000002db661f77b8] = 768
 immutable data [0x000002db661f5ed0,0x000002db661f7210] = 4928
 dependencies   [0x000002db661f5ed0,0x000002db661f5fb0] = 224
 nul chk table  [0x000002db661f5fb0,0x000002db661f6048] = 152
 handler table  [0x000002db661f6048,0x000002db661f61c8] = 384
 scopes pcs     [0x000002db661f61c8,0x000002db661f6738] = 1392
 scopes data    [0x000002db661f6738,0x000002db661f7210] = 2776

[Constant Pool (empty)]

[MachCode]
[Instructions begin]
  0x000002db5236bb00: 6690 448b | 5208 443b 

  0x000002db5236bb08: ;   {runtime_call Shared Runtime ic_miss_blob}
  0x000002db5236bb08: 5008 0f85 | d02f a0ff 
[Verified Entry Point]
  0x000002db5236bb10: 8984 2400 | 80ff ff55 | 4881 ec90 | 0000 0090 | 4181 7f20 | 0100 0000 | 0f85 1122 | 0000 4c8b 
  0x000002db5236bb30: d241 8bf0 | 4183 f8ff | 0f85 bb14 | 0000 4d8b | 9f10 0400 | 0049 8b2b | 498b fa48 | 8d9c 2480 
  0x000002db5236bb50: 0000 004d | 8b1a 418b | 9fd8 0600 | 0041 f6c3 | 020f 8537 | 0000 0081 | fb27 0700 | 000f 8f4b 
  0x000002db5236bb70: 0000 004d | 3b54 1ff8 | 7416 498b | c348 83c8 | 0149 83e3 | fef0 4d0f | b11a 0f85 | 2e00 0000 
  0x000002db5236bb90: 4d89 141f | 4183 87d8 | 0600 0008 | eb1e 4833 | c049 8b9f | c804 0000 | f049 0fb1 | 5b3e 740c 
  0x000002db5236bbb0: 483b d875 | 0949 ff83 | 8600 0000 | 33c0 0f85 | a013 0000 | 448b 6f70 | 488d 8424 | 8000 0000 
  0x000002db5236bbd0: 418b 87d8 | 0600 004c | 8b17 493b | 7c07 f80f | 852e 0000 | 0041 83af | d806 0000 | 0849 3b7c 
  0x000002db5236bbf0: 07f0 0f84 | 5f00 0000 | 498b c248 | 83e0 fc49 | 83ca 01f0 | 4c0f b117 

  0x000002db5236bc08: ;   {other}
  0x000002db5236bc08: 0f85 2421 | 0000 e944 | 0000 0049 | 83ba 8600 | 0000 0075 | 3349 c742 | 3e00 0000 | 00f0 8344 
  0x000002db5236bc28: 24c0 0049 | 83ba 8e00 | 0000 0074 | 2249 83ba | 9e00 0000 | 0075 1849 | 83e2 fd4d | 8997 e805 
  0x000002db5236bc48: 0000 4183 | ca01 eb0a | 49ff 8a86 | 0000 0045 | 33d2 0f85 | dc12 0000 | 4585 ed0f | 84a2 1200 
  0x000002db5236bc68: 0048 896c | 2428 4889 | 7c24 3089 | 7424 204f | 8d14 ec4c | 8954 2438 | 4489 6c24 | 5849 8bd2 
  0x000002db5236bc88: ;   {optimized virtual_call}
  0x000002db5236bc88: 6666 90e8 

  0x000002db5236bc8c: ; ImmutableOopMap {[40]=Oop [48]=Oop [56]=Oop [88]=NarrowOop }
                      ;*invokevirtual getNextEvent {reexecute=0 rethrow=0 return_oop=1}
                      ; - java.awt.EventDispatchThread::pumpOneEventForFilters@20 (line 190)
  0x000002db5236bc8c: 8022 ffff 

  0x000002db5236bc90: ;   {post_call_nop}
  0x000002db5236bc90: 0f1f 8400 | 8802 0000 | 4889 4424 | 504c 8b54 | 2430 458b | 4274 4585 | c00f 8471 | 1200 004b 
  0x000002db5236bcb0: 8d0c c448 | 8d9c 2480 | 0000 004c | 8b11 418b | 9fd8 0600 | 0041 f6c2 | 020f 8537 | 0000 0081 
  0x000002db5236bcd0: fb27 0700 | 000f 8f4b | 0000 0049 | 3b4c 1ff8 | 7416 498b | c248 83c8 | 0149 83e2 | fef0 4c0f 
  0x000002db5236bcf0: b111 0f85 | 2e00 0000 | 4989 0c1f | 4183 87d8 | 0600 0008 | eb1e 4833 | c049 8b9f | c804 0000 
  0x000002db5236bd10: f049 0fb1 | 5a3e 740c | 483b d875 | 0949 ff82 | 8600 0000 | 33c0 0f85 | 6d12 0000 | 4c8b 5424 
  0x000002db5236bd30: 3041 8b5a | 7445 8b54 | dc10 41ff | ca45 85d2 | 7d16 bb01 | 0000 00e9 | 8b00 0000 | 4c8b 5424 
  0x000002db5236bd50: 3041 8b5a | 7445 8bd3 

  0x000002db5236bd58: ; implicit exception: dispatches to 0x000002db5236d514
  0x000002db5236bd58: 458b 5cdc | 1045 85db | 0f8c 4a11 | 0000 453b | d30f 83d1 | 1000 0045 | 8b4c dc14 | 458b da43 
  0x000002db5236bd78: 8b5c cc0c | 443b db0f | 83fb 1000 | 004f 8d14 | cc47 8b54 

  0x000002db5236bd8c: ;   {other}
  0x000002db5236bd8c: 9a10 438b 

  0x000002db5236bd90: ;   {metadata('java/awt/EventDispatchThread$HierarchyEventFilter')}
  0x000002db5236bd90: 5cd4 0881 | fb28 9c03 | 010f 850d | 0700 004f | 8d0c d445 

  0x000002db5236bda4: ;   {metadata('java/awt/EventDispatchThread$HierarchyEventFilter')}
  0x000002db5236bda4: 8b51 0841 | 81fa 289c | 0301 0f85 | 5e05 0000 | 418b 690c | 85ed 0f85 | 4c13 0000 | 498b 7f30 
  0x000002db5236bdc4: ; ImmutableOopMap {r8=NarrowOop rcx=Oop [40]=Oop [48]=Oop [56]=Oop [80]=Oop [88]=NarrowOop }
                      ;*goto {reexecute=1 rethrow=0 return_oop=0}
                      ; - (reexecute) java.awt.EventDispatchThread::filterAndCheckEvent@76 (line 167)
                      ; - java.awt.EventDispatchThread::pumpOneEventForFilters@35 (line 192)
                      ;   {poll}
  0x000002db5236bdc4: 41ff cb85 | 0745 85db | 0f8d 7aff | ffff bb01 | 0000 0048 | 8d84 2480 | 0000 0041 | 8b87 d806 
  0x000002db5236bde4: 0000 4c8b | 1149 3b4c | 07f8 0f85 | 2e00 0000 | 4183 afd8 | 0600 0008 | 493b 4c07 | f00f 845f 
  0x000002db5236be04: 0000 0049 | 8bc2 4883 | e0fc 4983 | ca01 f04c | 0fb1 110f | 8508 1f00 | 00e9 4400 | 0000 4983 
  0x000002db5236be24: ba86 0000 | 0000 7533 | 49c7 423e | 0000 0000 | f083 4424 | c000 4983 | ba8e 0000 | 0000 7422 
  0x000002db5236be44: 4983 ba9e | 0000 0000 | 7518 4983 | e2fd 4d89 | 97e8 0500 | 0041 83ca | 01eb 0a49 | ff8a 8600 
  0x000002db5236be64: 0000 4533 | d20f 8565 | 1100 0085 | db0f 8467 

  0x000002db5236be74: ;   {oop(a 'java/lang/Class'{0x0000000714200610} = 'sun/awt/dnd/SunDragSourceContextPeer')}
  0x000002db5236be74: 0b00 0049 | ba10 0620 | 1407 0000 | 0041 0fb6 | aa91 0000 | 0085 ed0f | 85a7 1200 | 0041 bb01 
  0x000002db5236be94: 0000 004d 

  0x000002db5236be98: ; ImmutableOopMap {[40]=Oop [48]=Oop [56]=Oop [80]=Oop [88]=NarrowOop }
                      ;*ifeq {reexecute=1 rethrow=0 return_oop=0}
                      ; - (reexecute) java.awt.EventDispatchThread::pumpOneEventForFilters@48 (line 197)
                      ;   {poll}
  0x000002db5236be98: 8b57 3041 | 8502 4585 | db0f 8424 

  0x000002db5236bea4: ;   {oop(a 'sun/util/logging/PlatformLogger'{0x0000000714567448})}
  0x000002db5236bea4: 0b00 0049 | ba48 7456 | 1407 0000 | 0041 8b6a | 0c45 8b54 

  0x000002db5236beb8: ;   {metadata('jdk/internal/logger/LazyLoggers$JdkLazyLogger')}
  0x000002db5236beb8: ec08 4181 | faa8 2101 | 010f 854d | 1100 0049 | 8d34 ec8b | 6e0c 458b 

  0x000002db5236bed0: ;   {metadata('jdk/internal/logger/LazyLoggers$LazyLoggerAccessor')}
  0x000002db5236bed0: 5cec 0841 | 81fb c827 | 0101 0f85 | 5011 0000 | 498d 3cec | 448b 5720 | 4585 d20f | 84b4 0700 
  0x000002db5236bef0: 0049 c1e2 | 0345 8b5a 

  0x000002db5236bef8: ;   {metadata('jdk/internal/logger/SurrogateLogger')}
  0x000002db5236bef8: 0841 81fb | 4835 0301 | 0f85 4e11 | 0000 418b | 6a14 85ed | 0f85 d611 | 0000 4c8b | 5424 5045 
  0x000002db5236bf18: 8b5a 0c44 | 8b54 2458 | 438b 6cd4 | 4c85 ed0f | 8543 1100 | 004c 8b44 | 2450 41c6 | 401a 0145 
  0x000002db5236bf38: 8b70 08be | 0000 0014 | 4903 f64c 

  0x000002db5236bf44: ;   {metadata('java/awt/event/InvocationEvent')}
  0x000002db5236bf44: 8b4e 5041 | 81fe 7886 | 0301 0f84 | 0a01 0000 

  0x000002db5236bf54: ;   {metadata('java/awt/event/MouseEvent')}
  0x000002db5236bf54: 4181 fe00 | 0414 0174 | 6d4c 8b46 

  0x000002db5236bf60: ;   {metadata('java/awt/ActiveEvent')}
  0x000002db5236bf60: 2048 b870 | 8403 1500 | 0000 004c | 3bc0 0f84 | ea00 0000 | 498b e945 | 8beb 458b | c248 33ff 
  0x000002db5236bf80: 4c8b 9ea8 | 0000 0049 | 8bd3 48c1 | e230 0f89 | 2100 0000 | f348 0fb8 | d248 8b5e | 2848 3b04 
  0x000002db5236bfa0: d374 1549 | 0fba e310 | 730b 49c1 

  0x000002db5236bfac: ;   {runtime_call Stub::lookup_secondary_supers_table_slow_path}
  0x000002db5236bfac: cb0f e850 | 849e ffeb | 0348 ffc7 | 4885 ff0f | 8497 0000 | 0045 8bd0 | 458b dd4c | 8bcd 478b 
  0x000002db5236bfcc: 44dc 08b9 | 0000 0014 | 4903 c84c 

  0x000002db5236bfd8: ;   {metadata('java/awt/Component')}
  0x000002db5236bfd8: 8b41 3848 | b9f0 5000 | 1500 0000 | 004c 3bc1 | 0f85 c611 | 0000 498b | e94b 8d14 | dc4c 8b44 
  0x000002db5236bff8: 2450 6666 | 9048 b8b0 | 8c42 66db 

  0x000002db5236c004: ;   {virtual_call}
  0x000002db5236c004: 0200 00e8 

  0x000002db5236c008: ; ImmutableOopMap {[48]=Oop [80]=Oop }
                      ;*invokevirtual dispatchEventImpl {reexecute=0 rethrow=0 return_oop=0}
                      ; - java.awt.Component::dispatchEvent@2 (line 4790)
                      ; - java.awt.EventQueue::dispatchEventImpl@41 (line 725)
                      ; - java.awt.EventQueue::dispatchEvent@22 (line 702)
                      ; - java.awt.EventDispatchThread::pumpOneEventForFilters@81 (line 203)
  0x000002db5236c008: 4486 adff 

  0x000002db5236c00c: ;   {post_call_nop}
  0x000002db5236c00c: 0f1f 8400 | 0406 0003 

  0x000002db5236c014: ;   {metadata('java/awt/event/InputEvent')}
  0x000002db5236c014: 49ba b88b | 0115 0000 | 0000 493b | ea0f 85d8 

  0x000002db5236c024: ;   {oop(a 'java/lang/Class'{0x00000007146e9560} = 'sun/awt/AWTAccessor')}
  0x000002db5236c024: 0200 0049 | ba60 956e | 1407 0000 | 0045 8b82 | 8c00 0000 

  0x000002db5236c038: ; implicit exception: dispatches to 0x000002db5236d654
  0x000002db5236c038: 478b 5cc4 | 0848 8b6c 

  0x000002db5236c040: ;   {metadata('java/awt/event/InputEvent$1')}
  0x000002db5236c040: 2450 4181 | fbf0 9601 | 010f 85bd | 1100 0044 | 8865 28e9 | a702 0000 | 458b d04c | 8bcd 438b 
  0x000002db5236c060: 6cd4 2c45 | 8b44 ec08 

  0x000002db5236c068: ;   {metadata('java/util/concurrent/locks/ReentrantLock')}
  0x000002db5236c068: 4181 f8e0 | 991d 000f | 853b 1000 | 004d 8d1c | ec41 8b5b | 0c85 db0f | 840f 1000 | 0033 c041 
  0x000002db5236c088: bb01 0000 | 00f0 450f | b15c dc18 | 410f 94c0 | 450f b6c0 | 4585 c00f | 847b 0500 | 0048 8b7c 
  0x000002db5236c0a8: 2428 4d8d | 44dc 0c41 | 807f 4800 | 0f85 fa17 | 0000 4c8b | df49 c1eb | 0345 8918 | 498b c848 
  0x000002db5236c0c8: 33cf 48c1 | e915 0f84 | 1d00 0000 | 498b c848 | c1e9 0949 | bb00 90e0 | 56db 0200 | 0049 03cb 
  0x000002db5236c0e8: 8039 020f | 8549 1800 

  0x000002db5236c0f0: ;   {oop(a 'java/lang/Class'{0x00000007145338d8} = 'java/awt/EventQueue')}
  0x000002db5236c0f0: 0049 bbd8 | 3853 1407 | 0000 0041 | 0fb6 abb0 | 0000 0085 | ed0f 8549 | 1000 0047 | 8b5c d434 
  0x000002db5236c110: 49c1 e303 | 493b fb0f | 8558 0500 | 0049 8b87 | c801 0000 | 4c8b d849 | 83c3 204d | 3b9f d801 
  0x000002db5236c130: 0000 0f83 | 030c 0000 | 4d89 9fc8 | 0100 0041 | 0f0d 8bc0 | 0000 0048 | c700 0100 

  0x000002db5236c14c: ;   {metadata('java/lang/ref/WeakReference')}
  0x000002db5236c14c: 0000 c740 | 0880 801b | 0044 8960 | 0c4c 8960 | 104c 8960 | 184c 8b5c | 2450 4d8b | c349 c1e8 
  0x000002db5236c16c: 0344 8940 

  0x000002db5236c170: ;   {oop(a 'java/lang/ref/ReferenceQueue$Null'{0x0000000714802268})}
  0x000002db5236c170: 0cb9 4d04 | 90e2 488d | 5810 890b | f083 4424 | c000 4b8d | 4cd4 4041 | 807f 4800 | 0f85 2218 
  0x000002db5236c190: 0000 4c8b | d849 c1eb | 0344 8919 | 4c8b c14c | 33c0 49c1 | e815 0f84 | 1e00 0000 | 4c8b c149 
  0x000002db5236c1b0: c1e8 0949 | bb00 90e0 | 56db 0200 | 004d 03c3 | 4180 3802 | 0f85 7a18 

  0x000002db5236c1c8: ;   {metadata('java/awt/event/InputEvent')}
  0x000002db5236c1c8: 0000 49bb | b88b 0115 | 0000 0000 | 4d3b cb0f | 8555 0300 | 004c 8b5c | 2450 4d8b 

  0x000002db5236c1e4: ;   {metadata('java/awt/event/KeyEvent')}
  0x000002db5236c1e4: 5b20 4181 | fea8 ba05 | 0175 054f | 895c d418 | 438b 6cd4 | 2c4f 8b44 | d410 4d3b | d84d 0f4c 
  0x000002db5236c204: d84f 895c | d410 458b 

  0x000002db5236c20c: ;   {metadata('java/util/concurrent/locks/ReentrantLock')}
  0x000002db5236c20c: 5cec 0841 | 81fb e099 | 1d00 0f85 | b80e 0000 | 4d8d 14ec | 418b 5a0c 

  0x000002db5236c224: ; implicit exception: dispatches to 0x000002db5236d628
  0x000002db5236c224: 458b 5cdc | 1841 8b6c | dc0c 4c8b | d549 c1e2 | 034c 3bd7 | 0f85 3a0f | 0000 4183 | fb01 7516 
  0x000002db5236c244: 4d33 c049 | 8d4c dc0c | 4180 7f48 | 000f 856c | 1800 0044 | 8901 458d | 43ff 4589 | 44dc 18f0 
  0x000002db5236c264: 8344 24c0 | 0041 83fb | 0175 1845 | 8b5c dc10 | 4585 db74 | 0e47 8b44 | dc14 4585 | c00f 85ea 
  0x000002db5236c284: 0200 0048 | 8b54 2450 | 448b 5208 

  0x000002db5236c290: ;   {metadata('java/awt/event/InvocationEvent')}
  0x000002db5236c290: 4181 fa78 | 8603 010f | 8558 0300 | 0048 8954 | 2428 440f | b652 1d8b | 6a28 4585 | d20f 852e 
  0x000002db5236c2b0: 0500 0048 | 8bd5 48c1 | e203 6666 | 9048 b8d8 | 8c42 66db 

  0x000002db5236c2c4: ;   {virtual_call}
  0x000002db5236c2c4: 0200 00e8 

  0x000002db5236c2c8: ; ImmutableOopMap {[40]=Oop [48]=Oop }
                      ;*invokeinterface run {reexecute=0 rethrow=0 return_oop=0}
                      ; - java.awt.event.InvocationEvent::dispatch@47 (line 323)
                      ; - java.awt.EventQueue::dispatchEventImpl@21 (line 723)
                      ; - java.awt.EventQueue::dispatchEvent@22 (line 702)
                      ; - java.awt.EventDispatchThread::pumpOneEventForFilters@81 (line 203)
  0x000002db5236c2c8: 647f adff 

  0x000002db5236c2cc: ;   {post_call_nop}
  0x000002db5236c2cc: 0f1f 8400 | c408 0004 | 4c8b 5424 | 2841 c642 | 1c01 f083 | 4424 c000 | 453b 622c | 0f85 1b05 
  0x000002db5236c2ec: 0000 4c8b | 5424 2841 | 8b6a 3085 | ed0f 85a1 | 0e00 0048 | 81c4 9000 

  0x000002db5236c304: ;   {poll_return}
  0x000002db5236c304: 0000 5d49 | 3b67 280f | 87fe 1900 

  0x000002db5236c310: ;   {metadata('java/awt/ModalEventFilter$ApplicationModalEventFilter')}
  0x000002db5236c310: 00c3 4181 | fa68 6012 | 010f 85b1 | 0e00 0045 | 0fb6 510c | 4585 d20f | 8593 faff | ff45 8b51 
  0x000002db5236c330: 1043 0fb6 | 5cd4 3185 | db0f 8481 | faff ff4c | 8b54 2450 

  0x000002db5236c344: ; implicit exception: dispatches to 0x000002db5236d694
  0x000002db5236c344: 418b 5a14 | 448d 930c | feff ff41 | 83fa 0872 | 1481 fbe9 | 0300 0074 | 0c81 fbc9 | 0000 000f 
  0x000002db5236c364: 8557 faff | ff4c 8b54 | 2450 458b | 520c 438b 

  0x000002db5236c374: ;   {metadata('sun/awt/ModalExclude')}
  0x000002db5236c374: 7cd4 0848 | b890 c315 | 1500 0000 | 00be 0000 | 0014 4803 | f748 8b5e | 2048 3bd8 | 0f84 2afa 
  0x000002db5236c394: ffff 4489 | 5c24 2448 | 894c 2460 | 4489 4424 | 4848 ff74 | 2450 488f | 4424 4048 | 8b6c 2430 
  0x000002db5236c3b4: 4833 ff4c | 8b9e a800 | 0000 498b | d348 c1e2 | 0d0f 8921 | 0000 00f3 | 480f b8d2 | 488b 5e28 
  0x000002db5236c3d4: 483b 04d3 | 7415 490f | bae3 3373 | 0b49 c1cb 

  0x000002db5236c3e4: ;   {runtime_call Stub::lookup_secondary_supers_table_slow_path}
  0x000002db5236c3e4: 32e8 1980 | 9eff eb03 | 48ff c748 | 85ff 0f84 | a500 0000 | 4c8b 5e38 

  0x000002db5236c3fc: ;   {metadata('java/awt/Component')}
  0x000002db5236c3fc: 49b8 f050 | 0015 0000 | 0000 4d3b | d80f 8538 | 0800 004f 

  0x000002db5236c410: ;   {metadata('java/awt/Window')}
  0x000002db5236c410: 8d04 d448 | b918 6900 | 1500 0000 | 0045 8b50 | 0841 bb00 | 0000 144d | 03da 4d8b | 5348 4c3b 
  0x000002db5236c430: d10f 8524 | 0800 0048 | ff74 2440 | 488f 4424 | 3049 8bd1 

  0x000002db5236c444: ;   {optimized virtual_call}
  0x000002db5236c444: 6666 90e8 

  0x000002db5236c448: ; ImmutableOopMap {rbp=Oop [40]=Oop [48]=Oop [56]=Oop [64]=Oop [72]=NarrowOop [88]=NarrowOop [96]=Oop }
                      ;*invokevirtual acceptWindow {reexecute=0 rethrow=0 return_oop=1}
                      ; - java.awt.ModalEventFilter::acceptEvent@123 (line 66)
                      ; - java.awt.EventDispatchThread::filterAndCheckEvent@42 (line 169)
                      ; - java.awt.EventDispatchThread::pumpOneEventForFilters@35 (line 192)
  0x000002db5236c448: d4bd 80f8 

  0x000002db5236c44c: ;   {post_call_nop}
  0x000002db5236c44c: 0f1f 8400 | 440a 0005 

  0x000002db5236c454: ;   {oop(a 'java/awt/EventFilter$FilterAction'{0x0000000714200450})}
  0x000002db5236c454: 49ba 5004 | 2014 0700 | 0000 493b | c20f 8489 

  0x000002db5236c464: ;   {oop(a 'java/awt/EventFilter$FilterAction'{0x0000000714200498})}
  0x000002db5236c464: 0a00 0049 | ba98 0420 | 1407 0000 | 0049 3bc2 | 0f84 a308 | 0000 4889 | 6c24 3048 | ff74 2440 
  0x000002db5236c484: 488f 4424 | 5044 8b44 | 2448 488b | 4c24 6044 | 8b5c 2424 | e923 f9ff | ff48 8b4c | 2460 448b 
  0x000002db5236c4a4: 5c24 24e9 | 14f9 ffff 

  0x000002db5236c4ac: ;   {metadata('java/awt/ModalEventFilter$ApplicationModalEventFilter')}
  0x000002db5236c4ac: 81fb 6860 | 1201 0f84 | e7f8 ffff 

  0x000002db5236c4b8: ;   {metadata('java/awt/EventFilter')}
  0x000002db5236c4b8: 48b8 209a | 0315 0000 | 0000 be00 | 0000 1448 | 03f3 4c8b | 4e20 4c3b | c80f 84c8 | f8ff ff45 
  0x000002db5236c4d8: 8bf3 488b | e945 8bc8 | 4833 ff4c | 8b9e a800 | 0000 498b | d348 c1e2 | 040f 8921 | 0000 00f3 
  0x000002db5236c4f8: 480f b8d2 | 488b 5e28 | 483b 04d3 | 7415 490f | bae3 3c73 | 0b49 c1cb 

  0x000002db5236c510: ;   {runtime_call Stub::lookup_secondary_supers_table_slow_path}
  0x000002db5236c510: 3be8 ed7e | 9eff eb03 | 48ff c748 | 85ff 0f85 | 5c0d 0000 | 458b c148 | 8bcd 458b | dee9 6df8 
  0x000002db5236c530: ;   {metadata('java/awt/event/InputMethodEvent')}
  0x000002db5236c530: ffff 4181 | fee0 a903 | 010f 84e5 

  0x000002db5236c53c: ;   {metadata('java/awt/event/ActionEvent')}
  0x000002db5236c53c: 0c00 0041 | 81fe 70ac | 0301 0f84 | f40c 0000 | 4c8b 5e48 

  0x000002db5236c550: ;   {metadata('java/awt/event/InvocationEvent')}
  0x000002db5236c550: 49b8 7886 | 0315 0000 | 0000 4d3b | d80f 85ae | 0000 004c | 8b5c 2450 | 4d8b 5b20 | e983 fcff 
  0x000002db5236c570: ff47 8b54 | c40c 4585 | d20f 8408 | fdff ff43 | 8b44 c40c | 448b d841 | 83e3 fef0 | 470f b15c 
  0x000002db5236c590: c40c 400f | 94c5 400f | b6ed 85ed | 0f84 ba0c | 0000 478b | 54c4 1845 | 85d2 0f84 | d7fc ffff 
  0x000002db5236c5b0: 478b 5cd4 | 084f 8d04 

  0x000002db5236c5b8: ;   {metadata('java/lang/BaseVirtualThread')}
  0x000002db5236c5b8: d449 ba98 | 431a 1400 | 0000 0041 | b900 0000 | 144d 03cb | 4d8b 5940 | 4d3b da0f | 8580 0000 
  0x000002db5236c5d8: ;   {oop(a 'java/lang/System$1'{0x0000000714802338})}
  0x000002db5236c5d8: 0048 ba38 | 2380 1407 

  0x000002db5236c5e0: ;   {optimized virtual_call}
  0x000002db5236c5e0: 0000 00e8 

  0x000002db5236c5e4: ; ImmutableOopMap {[48]=Oop [80]=Oop }
                      ;*invokeinterface unparkVirtualThread {reexecute=0 rethrow=0 return_oop=0}
                      ; - java.util.concurrent.locks.LockSupport::unpark@15 (line 181)
                      ; - java.util.concurrent.locks.AbstractQueuedSynchronizer::signalNext@30 (line 646)
                      ; - java.util.concurrent.locks.AbstractQueuedSynchronizer::release@12 (line 1100)
                      ; - java.util.concurrent.locks.ReentrantLock::unlock@5 (line 495)
                      ; - java.awt.EventQueue::setCurrentEventAndMostRecentTimeImpl@168 (line 1236)
                      ; - java.awt.EventQueue::dispatchEventImpl@14 (line 722)
                      ; - java.awt.EventQueue::dispatchEvent@22 (line 702)
                      ; - java.awt.EventDispatchThread::pumpOneEventForFilters@81 (line 203)
  0x000002db5236c5e4: f827 a0ff 

  0x000002db5236c5e8: ;   {post_call_nop}
  0x000002db5236c5e8: 0f1f 8400 | e00b 0006 | e992 fcff | ff48 b800 | 8d42 66db 

  0x000002db5236c5fc: ;   {virtual_call}
  0x000002db5236c5fc: 0200 00e8 

  0x000002db5236c600: ; ImmutableOopMap {[48]=Oop }
                      ;*invokeinterface dispatch {reexecute=0 rethrow=0 return_oop=0}
                      ; - java.awt.EventQueue::dispatchEventImpl@21 (line 723)
                      ; - java.awt.EventQueue::dispatchEvent@22 (line 702)
                      ; - java.awt.EventDispatchThread::pumpOneEventForFilters@81 (line 203)
  0x000002db5236c600: 2c7c adff 

  0x000002db5236c604: ;   {post_call_nop}
  0x000002db5236c604: 0f1f 8400 | fc0b 0007 | e9ee fcff | ff49 bb00 | 0000 0000 | 0000 80e9 | d4fb ffff | 458b 44dc 
  0x000002db5236c624: 0c4d 8bd8 | 49c1 e303 | 488b 7c24 | 284c 3bdf | 0f85 3603 | 0000 418b | 6cdc 18ff | c585 ed0f 
  0x000002db5236c644: 8c63 0c00 | 0041 896c | dc18 f083 | 4424 c000 | e998 faff 

  0x000002db5236c658: ;   {oop(a 'jdk/internal/misc/Unsafe'{0x0000000714803788})}
  0x000002db5236c658: ff48 ba88 | 3780 1407 

  0x000002db5236c660: ;   {optimized virtual_call}
  0x000002db5236c660: 0000 00e8 

  0x000002db5236c664: ; ImmutableOopMap {[48]=Oop [80]=Oop }
                      ;*invokevirtual unpark {reexecute=0 rethrow=0 return_oop=0}
                      ; - java.util.concurrent.locks.LockSupport::unpark@27 (line 183)
                      ; - java.util.concurrent.locks.AbstractQueuedSynchronizer::signalNext@30 (line 646)
                      ; - java.util.concurrent.locks.AbstractQueuedSynchronizer::release@12 (line 1100)
                      ; - java.util.concurrent.locks.ReentrantLock::unlock@5 (line 495)
                      ; - java.awt.EventQueue::setCurrentEventAndMostRecentTimeImpl@168 (line 1236)
                      ; - java.awt.EventQueue::dispatchEventImpl@14 (line 722)
                      ; - java.awt.EventQueue::dispatchEvent@22 (line 702)
                      ; - java.awt.EventDispatchThread::pumpOneEventForFilters@81 (line 203)
  0x000002db5236c664: 7827 a0ff 

  0x000002db5236c668: ;   {post_call_nop}
  0x000002db5236c668: 0f1f 8400 | 600c 0008 | e912 fcff | ff43 8b6c | d42c 458b 

  0x000002db5236c67c: ;   {metadata('java/util/concurrent/locks/ReentrantLock')}
  0x000002db5236c67c: 5cec 0841 | 81fb e099 | 1d00 0f85 | 480c 0000 | 498d 14ec 

  0x000002db5236c690: ;   {optimized virtual_call}
  0x000002db5236c690: 6666 90e8 

  0x000002db5236c694: ; ImmutableOopMap {[48]=Oop [80]=Oop }
                      ;*invokeinterface unlock {reexecute=0 rethrow=0 return_oop=0}
                      ; - java.awt.EventQueue::setCurrentEventAndMostRecentTimeImpl@29 (line 1236)
                      ; - java.awt.EventQueue::dispatchEventImpl@14 (line 722)
                      ; - java.awt.EventQueue::dispatchEvent@22 (line 702)
                      ; - java.awt.EventDispatchThread::pumpOneEventForFilters@81 (line 203)
  0x000002db5236c694: 4827 a0ff 

  0x000002db5236c698: ;   {post_call_nop}
  0x000002db5236c698: 0f1f 8400 | 900c 0009 | e9e2 fbff | ff48 8d9c | 2480 0000 | 004c 8b17 | 418b 9fd8 | 0600 0041 
  0x000002db5236c6b8: f6c2 020f | 8537 0000 | 0081 fb27 | 0700 000f | 8f4b 0000 | 0049 3b7c | 1ff8 7416 | 498b c248 
  0x000002db5236c6d8: 83c8 0149 | 83e2 fef0 | 4c0f b117 | 0f85 2e00 | 0000 4989 | 3c1f 4183 | 87d8 0600 | 0008 eb1e 
  0x000002db5236c6f8: 4833 c049 | 8b9f c804 | 0000 f049 | 0fb1 5a3e | 740c 483b | d875 0949 | ff82 8600 | 0000 33c0 
  0x000002db5236c718: 0f85 ca0b | 0000 443b | 671c 0f84 | d902 0000 | 443b 6720 | 0f84 4505 | 0000 8b6f | 2048 8d84 
  0x000002db5236c738: 2480 0000 | 0041 8b87 | d806 0000 | 4c8b 1749 | 3b7c 07f8 | 0f85 2e00 | 0000 4183 | afd8 0600 
  0x000002db5236c758: 0008 493b | 7c07 f00f | 845f 0000 | 0049 8bc2 | 4883 e0fc | 4983 ca01 | f04c 0fb1 | 170f 8587 
  0x000002db5236c778: 1500 00e9 | 4400 0000 | 4983 ba86 | 0000 0000 | 7533 49c7 | 423e 0000 | 0000 f083 

  0x000002db5236c794: ;   {other}
  0x000002db5236c794: 4424 c000 | 4983 ba8e | 0000 0000 | 7422 4983 | ba9e 0000 | 0000 7518 | 4983 e2fd | 4d89 97e8 
  0x000002db5236c7b4: 0500 0041 | 83ca 01eb | 0a49 ff8a | 8600 0000 | 4533 d20f | 856d 0b00 | 0085 ed0f | 8460 0c00 
  0x000002db5236c7d4: 004c 8bd5 | 49c1 e203 | e914 f7ff | ff45 8b5c 

  0x000002db5236c7e4: ;   {metadata('java/awt/Window$1DisposeAction')}
  0x000002db5236c7e4: ec08 4181 | fbc0 8e12 | 010f 8599 | 0b00 0049 

  0x000002db5236c7f4: ;   {optimized virtual_call}
  0x000002db5236c7f4: 8d14 ece8 

  0x000002db5236c7f8: ; ImmutableOopMap {[40]=Oop [48]=Oop }
                      ;*invokeinterface run {reexecute=0 rethrow=0 return_oop=0}
                      ; - java.awt.event.InvocationEvent::dispatch@11 (line 313)
                      ; - java.awt.EventQueue::dispatchEventImpl@21 (line 723)
                      ; - java.awt.EventQueue::dispatchEvent@22 (line 702)
                      ; - java.awt.EventDispatchThread::pumpOneEventForFilters@81 (line 203)
  0x000002db5236c7f8: 9015 0000 

  0x000002db5236c7fc: ;   {post_call_nop}
  0x000002db5236c7fc: 0f1f 8400 | f40d 000a | e9cb faff | ff41 8b6a | 2c85 ed0f | 8450 0b00 | 004d 8d1c | ec48 8d9c 
  0x000002db5236c81c: 2480 0000 | 004d 8b13 | 418b 9fd8 | 0600 0041 | f6c2 020f | 8537 0000 | 0081 fb27 | 0700 000f 
  0x000002db5236c83c: 8f4b 0000 | 004d 3b5c | 1ff8 7416 | 498b c248 | 83c8 0149 | 83e2 fef0 | 4d0f b113 | 0f85 2e00 
  0x000002db5236c85c: 0000 4d89 | 1c1f 4183 | 87d8 0600 | 0008 eb1e | 4833 c049 | 8b9f c804 | 0000 f049 | 0fb1 5a3e 
  0x000002db5236c87c: 740c 483b | d875 0949 | ff82 8600 | 0000 33c0 | 0f85 0e0b | 0000 4c8b | 5424 2845 | 8b52 2c45 
  0x000002db5236c89c: 85d2 0f84 | d40a 0000 | 4c89 5c24 | 3848 ff74 | 2430 488f | 4424 204b 

  0x000002db5236c8b4: ;   {optimized virtual_call}
  0x000002db5236c8b4: 8d14 d4e8 

  0x000002db5236c8b8: ; ImmutableOopMap {rbp=NarrowOop [32]=Oop [40]=Oop [56]=Oop }
                      ;*invokevirtual notifyAll {reexecute=0 rethrow=0 return_oop=0}
                      ; - java.awt.event.InvocationEvent::finishedDispatching@23 (line 409)
                      ; - java.awt.event.InvocationEvent::dispatch@54 (line 326)
                      ; - java.awt.EventQueue::dispatchEventImpl@21 (line 723)
                      ; - java.awt.EventQueue::dispatchEvent@22 (line 702)
                      ; - java.awt.EventDispatchThread::pumpOneEventForFilters@81 (line 203)
  0x000002db5236c8b8: 54c8 f8ff 

  0x000002db5236c8bc: ;   {post_call_nop}
  0x000002db5236c8bc: 0f1f 8400 | b40e 000b | 4c8b 5c24 | 3848 8d84 | 2480 0000 | 0041 8b87 | d806 0000 | 4d8b 134d 
  0x000002db5236c8dc: 3b5c 07f8 | 0f85 2e00 | 0000 4183 | afd8 0600 | 0008 4d3b | 5c07 f00f | 845f 0000 | 0049 8bc2 
  0x000002db5236c8fc: 4883 e0fc | 4983 ca01 | f04d 0fb1 | 130f 85e6 | 1300 00e9 | 4400 0000 | 4983 ba86 | 0000 0000 
  0x000002db5236c91c: 7533 49c7 | 423e 0000 | 0000 f083 | 4424 c000 | 4983 ba8e | 0000 0000 | 7422 4983 | ba9e 0000 
  0x000002db5236c93c: 0000 7518 | 4983 e2fd | 4d89 97e8 | 0500 0041 | 83ca 01eb | 0a49 ff8a | 8600 0000 | 4533 d20f 
  0x000002db5236c95c: 857b 0a00 | 0048 ff74 | 2420 488f | 4424 30e9 | 7ef9 ffff | 4c89 4c24 | 5848 8974 | 2448 4489 
  0x000002db5236c97c: 7424 2c44 | 8954 2428 | 4889 7c24 | 2048 8b6c | 2430 498d | 14dc 41b8 | 0100 0000 

  0x000002db5236c998: ;   {optimized virtual_call}
  0x000002db5236c998: 6666 90e8 

  0x000002db5236c99c: ; ImmutableOopMap {rbp=Oop [32]=Oop [40]=NarrowOop [56]=Oop [80]=Oop }
                      ;*invokevirtual acquire {reexecute=0 rethrow=0 return_oop=0}
                      ; - java.util.concurrent.locks.ReentrantLock$Sync::lock@9 (line 154)
                      ; - java.util.concurrent.locks.ReentrantLock::lock@4 (line 323)
                      ; - java.awt.EventQueue::setCurrentEventAndMostRecentTimeImpl@4 (line 1201)
                      ; - java.awt.EventQueue::dispatchEventImpl@14 (line 722)
                      ; - java.awt.EventQueue::dispatchEvent@22 (line 702)
                      ; - java.awt.EventDispatchThread::pumpOneEventForFilters@81 (line 203)
  0x000002db5236c99c: 4024 a0ff 

  0x000002db5236c9a0: ;   {post_call_nop}
  0x000002db5236c9a0: 0f1f 8400 | 980f 000c | 4889 6c24 | 3048 8b7c | 2420 448b | 5424 2844 | 8b74 242c | 488b 7424 
  0x000002db5236c9c0: 484c 8b4c | 2458 e926 | f7ff ff8b | 7424 204c | 8b54 2430 | 488b 6c24 | 28e9 6af1 | ffff 4c8b 
  0x000002db5236c9e0: 5424 5045 

  0x000002db5236c9e4: ;   {metadata('java/awt/event/MouseEvent')}
  0x000002db5236c9e4: 8b5a 0841 | 81fb 0004 | 1401 0f85 | 100a 0000 | 41c6 4218 | 0145 33db | e996 f4ff | ff48 8d84 
  0x000002db5236ca04: 2480 0000 | 0041 8b87 | d806 0000 | 4c8b 1749 | 3b7c 07f8 | 0f85 2e00 | 0000 4183 | afd8 0600 
  0x000002db5236ca24: 0008 493b | 7c07 f00f | 845f 0000 | 0049 8bc2 | 4883 e0fc | 4983 ca01 | f04c 0fb1 | 170f 85a1 
  0x000002db5236ca44: 1200 00e9 | 4400 0000 | 4983 ba86 | 0000 0000 | 7533 49c7 | 423e 0000 | 0000 f083 | 4424 c000 
  0x000002db5236ca64: 4983 ba8e | 0000 0000 | 7422 4983 | ba9e 0000 | 0000 7518 | 4983 e2fd | 4d89 97e8 | 0500 0041 
  0x000002db5236ca84: 83ca 01eb | 0a49 ff8a | 8600 0000 | 4533 d20f | 85bf 0900 | 008b 6f14 | 85ed 0f85 | dc09 0000 
  0x000002db5236caa4: 488b ef48 | 8974 2448 | 48ff 7424 | 5048 8f44 | 2440 48ff | 7424 3048 | 8f44 2420 | 4533 c048 
  0x000002db5236cac4: ;   {static_call}
  0x000002db5236cac4: 8bd7 90e8 

  0x000002db5236cac8: ; ImmutableOopMap {rbp=Oop [32]=Oop [40]=Oop [56]=Oop [64]=Oop [72]=Oop [80]=Oop [88]=NarrowOop }
                      ;*invokestatic getLogger {reexecute=0 rethrow=0 return_oop=1}
                      ; - jdk.internal.logger.LazyLoggers$LazyLoggerAccessor::platform@62 (line 206)
                      ; - jdk.internal.logger.LazyLoggers$LazyLoggerWrapper::platformProxy@4 (line 332)
                      ; - jdk.internal.logger.AbstractLoggerWrapper::isLoggable@1 (line 122)
                      ; - sun.util.logging.PlatformLogger::isLoggable@17 (line 340)
                      ; - java.awt.EventDispatchThread::pumpOneEventForFilters@57 (line 199)
  0x000002db5236cac8: 1429 a0ff 

  0x000002db5236cacc: ;   {post_call_nop}
  0x000002db5236cacc: 0f1f 8400 | c410 000d | 4889 4424 | 304c 8bdd | 488d 9c24 | 8000 0000 | 4d8b 1341 | 8b9f d806 
  0x000002db5236caec: 0000 41f6 | c202 0f85 | 3700 0000 | 81fb 2707 | 0000 0f8f | 4b00 0000 | 4d3b 5c1f | f874 1649 
  0x000002db5236cb0c: 8bc2 4883 | c801 4983 | e2fe f04d | 0fb1 130f | 852e 0000 | 004d 891c | 1f41 8387 | d806 0000 
  0x000002db5236cb2c: 08eb 1e48 | 33c0 498b | 9fc8 0400 | 00f0 490f | b15a 3e74 | 0c48 3bd8 | 7509 49ff | 8286 0000 
  0x000002db5236cb4c: 0033 c00f | 8553 0900 | 004c 895c | 2450 498b | d34c 8b44 | 2430 488b 

  0x000002db5236cb64: ;   {optimized virtual_call}
  0x000002db5236cb64: 6c24 20e8 

  0x000002db5236cb68: ; ImmutableOopMap {rbp=Oop [32]=Oop [40]=Oop [56]=Oop [64]=Oop [72]=Oop [80]=Oop [88]=NarrowOop }
                      ;*invokevirtual setWrappedIfNotSet {reexecute=0 rethrow=0 return_oop=0}
                      ; - jdk.internal.logger.LazyLoggers$LazyLoggerAccessor::platform@72 (line 209)
                      ; - jdk.internal.logger.LazyLoggers$LazyLoggerWrapper::platformProxy@4 (line 332)
                      ; - jdk.internal.logger.AbstractLoggerWrapper::isLoggable@1 (line 122)
                      ; - sun.util.logging.PlatformLogger::isLoggable@17 (line 340)
                      ; - java.awt.EventDispatchThread::pumpOneEventForFilters@57 (line 199)
  0x000002db5236cb68: 7422 a0ff 

  0x000002db5236cb6c: ;   {post_call_nop}
  0x000002db5236cb6c: 0f1f 8400 | 6411 000e | 4c8b 4c24 | 5045 3b61 | 200f 8421 | 0200 0041 | 8b69 2048 | 8d84 2480 
  0x000002db5236cb8c: 0000 0041 | 8b87 d806 | 0000 4d8b | 114d 3b4c | 07f8 0f85 | 2e00 0000 | 4183 afd8 | 0600 0008 
  0x000002db5236cbac: 4d3b 4c07 | f00f 845f | 0000 0049 | 8bc2 4883 | e0fc 4983 | ca01 f04d | 0fb1 110f | 850e 1100 
  0x000002db5236cbcc: 00e9 4400 | 0000 4983 | ba86 0000 | 0000 7533 | 49c7 423e | 0000 0000 | f083 4424 | c000 4983 
  0x000002db5236cbec: ba8e 0000 | 0000 7422 | 4983 ba9e | 0000 0000 | 7518 4983 | e2fd 4d89 | 97e8 0500 | 0041 83ca 
  0x000002db5236cc0c: 01eb 0a49 | ff8a 8600 | 0000 4533 | d20f 85a9 | 0800 0085 | ed0f 84f5 | 0700 004c | 8bd5 49c1 
  0x000002db5236cc2c: e203 48ff | 7424 2048 | 8f44 2430 | 48ff 7424 | 4048 8f44 | 2450 e9ae | f2ff ff44 | 8b44 2448 
  0x000002db5236cc4c: 488b 4c24 | 6044 8b5c | 2424 e965 | f1ff ff49 | 8b5f 3045 

  0x000002db5236cc60: ; ImmutableOopMap {r11=NarrowOop r9=Oop rbp=Oop [40]=Oop [56]=Oop [64]=Oop [72]=NarrowOop [88]=NarrowOop [96]=Oop }
                      ;*goto {reexecute=1 rethrow=0 return_oop=0}
                      ; - (reexecute) java.awt.ModalEventFilter::acceptEvent@109 (line 63)
                      ; - java.awt.EventDispatchThread::filterAndCheckEvent@42 (line 169)
                      ; - java.awt.EventDispatchThread::pumpOneEventForFilters@35 (line 192)
                      ;   {poll}
  0x000002db5236cc60: 8b58 4485 | 0345 85db | 0f84 af01 | 0000 4f8d | 04dc e9a6 | f7ff ff48 | 8974 2440 | 48ff 7424 
  0x000002db5236cc80: 5048 8f44 | 2420 488b | 6c24 3044 | 8b57 1c48 | 897c 2430 | 498b d248 

  0x000002db5236cc98: ;   {static_call}
  0x000002db5236cc98: c1e2 03e8 

  0x000002db5236cc9c: ; ImmutableOopMap {rbp=Oop [32]=Oop [40]=Oop [48]=Oop [56]=Oop [64]=Oop [88]=NarrowOop }
                      ;*invokestatic convert {reexecute=0 rethrow=0 return_oop=1}
                      ; - jdk.internal.logger.LazyLoggers$LazyLoggerAccessor::platform@34 (line 197)
                      ; - jdk.internal.logger.LazyLoggers$LazyLoggerWrapper::platformProxy@4 (line 332)
                      ; - jdk.internal.logger.AbstractLoggerWrapper::isLoggable@1 (line 122)
                      ; - sun.util.logging.PlatformLogger::isLoggable@17 (line 340)
                      ; - java.awt.EventDispatchThread::pumpOneEventForFilters@57 (line 199)
  0x000002db5236cc9c: 4027 a0ff 

  0x000002db5236cca0: ;   {post_call_nop}
  0x000002db5236cca0: 0f1f 8400 | 9812 0010 | 488b 7c24 | 304c 8d5f | 2041 807f | 4800 0f85 | 790e 0000 | 4c8b c049 
  0x000002db5236ccc0: c1e8 0345 | 8903 4d8b | d34c 33d0 | 49c1 ea15 | 0f84 2800 | 0000 4883 | f800 0f84 | 1e00 0000 
  0x000002db5236cce0: 4d8b d349 | c1ea 0949 | b800 90e0 | 56db 0200 | 004d 03d0 | 4180 3a02 | 0f85 a90e | 0000 f083 
  0x000002db5236cd00: 4424 c000 | 4889 6c24 | 3048 ff74 | 2420 488f | 4424 5048 | 8b74 2440 | e915 faff | ffbb 0100 
  0x000002db5236cd20: 0000 4889 | 6c24 3048 | ff74 2440 | 488f 4424 | 5048 8b4c | 2460 e99c | f0ff ff4c | 894c 2460 
  0x000002db5236cd40: 4889 7424 | 5844 8974 | 244c 4489 | 5424 4848 | 897c 2440 | 48ff 7424 | 3048 8f44 

  0x000002db5236cd5c: ;   {metadata('java/lang/ref/WeakReference')}
  0x000002db5236cd5c: 2428 48ba | 8080 1b14 | 0000 0000 | 488b 6c24 

  0x000002db5236cd6c: ;   {runtime_call C2 Runtime new_instance}
  0x000002db5236cd6c: 3866 90e8 

  0x000002db5236cd70: ; ImmutableOopMap {rbp=Oop [40]=Oop [64]=Oop [72]=NarrowOop [80]=Oop }
                      ;*new {reexecute=0 rethrow=0 return_oop=1}
                      ; - java.awt.EventQueue::setCurrentEventAndMostRecentTimeImpl@36 (line 1207)
                      ; - java.awt.EventQueue::dispatchEventImpl@14 (line 722)
                      ; - java.awt.EventQueue::dispatchEvent@22 (line 702)
                      ; - java.awt.EventDispatchThread::pumpOneEventForFilters@81 (line 203)
  0x000002db5236cd70: 6c90 adff 

  0x000002db5236cd74: ;   {post_call_nop}
  0x000002db5236cd74: 0f1f 8400 | 6c13 0011 | 48ff 7424 | 2848 8f44 | 2430 488b | 7c24 4044 | 8b54 2448 | 448b 7424 
  0x000002db5236cd94: 4c48 8b74 | 2458 4c8b | 4c24 60e9 | bdf3 ffff | 458b 511c | 498b d248 

  0x000002db5236cdac: ;   {static_call}
  0x000002db5236cdac: c1e2 03e8 

  0x000002db5236cdb0: ; ImmutableOopMap {rbp=Oop [32]=Oop [40]=Oop [56]=Oop [64]=Oop [72]=Oop [80]=Oop [88]=NarrowOop }
                      ;*invokestatic convert {reexecute=0 rethrow=0 return_oop=1}
                      ; - jdk.internal.logger.LazyLoggers$LazyLoggerAccessor::platform@87 (line 210)
                      ; - jdk.internal.logger.LazyLoggers$LazyLoggerWrapper::platformProxy@4 (line 332)
                      ; - jdk.internal.logger.AbstractLoggerWrapper::isLoggable@1 (line 122)
                      ; - sun.util.logging.PlatformLogger::isLoggable@17 (line 340)
                      ; - java.awt.EventDispatchThread::pumpOneEventForFilters@57 (line 199)
  0x000002db5236cdb0: 2c26 a0ff 

  0x000002db5236cdb4: ;   {post_call_nop}
  0x000002db5236cdb4: 0f1f 8400 | ac13 0012 | 4c8b 4c24 | 504d 8d59 | 2041 807f | 4800 0f85 | 380e 0000 | 4c8b c049 
  0x000002db5236cdd4: c1e8 0345 | 8903 4d8b | d34c 33d0 | 49c1 ea15 | 0f84 2800 | 0000 4883 | f800 0f84 | 1e00 0000 
  0x000002db5236cdf4: 4d8b d349 | c1ea 0949 | b800 90e0 | 56db 0200 | 004d 03d0 | 4180 3a02 | 0f85 680e | 0000 f083 
  0x000002db5236ce14: 4424 c000 | e966 fdff | ff48 896c | 2430 48ff | 7424 4048 | 8f44 2450 | 448b 4424 | 4848 8b4c 
  0x000002db5236ce34: 2460 448b | 5c24 24e9 | 80ef ffff | bae4 ffff | ff4c 8b4c | 2450 48ff | 7424 3048 | 8f44 2428 
  0x000002db5236ce54: 4c89 4c24 | 3089 5c24 | 3c44 8954 | 2440 4489 | 5424 4444 | 895c 2448 | 4489 4424 

  0x000002db5236ce70: ;   {runtime_call UncommonTrapBlob}
  0x000002db5236ce70: 5466 90e8 

  0x000002db5236ce74: ; ImmutableOopMap {[40]=Oop [48]=Oop [60]=NarrowOop [84]=NarrowOop [88]=NarrowOop }
                      ;*invokestatic checkIndex {reexecute=0 rethrow=0 return_oop=0}
                      ; - java.util.Objects::checkIndex@3 (line 365)
                      ; - java.util.ArrayList::get@5 (line 428)
                      ; - java.awt.EventDispatchThread::filterAndCheckEvent@31 (line 168)
                      ; - java.awt.EventDispatchThread::pumpOneEventForFilters@35 (line 192)
  0x000002db5236ce74: 6844 adff 

  0x000002db5236ce78: ;   {post_call_nop}
  0x000002db5236ce78: 0f1f 8400 | 7014 0013 | bae4 ffff | ff48 ff74 | 2430 488f | 4424 2844 | 8954 2438 | 4489 4c24 
  0x000002db5236ce98: 3c44 895c | 2440 4489 

  0x000002db5236cea0: ;   {runtime_call UncommonTrapBlob}
  0x000002db5236cea0: 4424 4ce8 

  0x000002db5236cea4: ; ImmutableOopMap {[40]=Oop [60]=NarrowOop [76]=NarrowOop [80]=Oop [88]=NarrowOop }
                      ;*aaload {reexecute=0 rethrow=0 return_oop=0}
                      ; - java.util.ArrayList::elementData@5 (line 412)
                      ; - java.util.ArrayList::get@11 (line 429)
                      ; - java.awt.EventDispatchThread::filterAndCheckEvent@31 (line 168)
                      ; - java.awt.EventDispatchThread::pumpOneEventForFilters@35 (line 192)
  0x000002db5236cea4: 3844 adff 

  0x000002db5236cea8: ;   {post_call_nop}
  0x000002db5236cea8: 0f1f 8400 | a014 0014 | bacc ffff | ff4c 8b4c | 2450 48ff | 7424 3048 | 8f44 2428 | 4c89 4c24 
  0x000002db5236cec8: 3089 5c24 | 3c44 8954 | 2440 4489 | 5424 4444 | 895c 2448 | 4489 4424 

  0x000002db5236cee0: ;   {runtime_call UncommonTrapBlob}
  0x000002db5236cee0: 5466 90e8 

  0x000002db5236cee4: ; ImmutableOopMap {[40]=Oop [48]=Oop [60]=NarrowOop [84]=NarrowOop [88]=NarrowOop }
                      ;*invokestatic checkIndex {reexecute=0 rethrow=0 return_oop=0}
                      ; - java.util.Objects::checkIndex@3 (line 365)
                      ; - java.util.ArrayList::get@5 (line 428)
                      ; - java.awt.EventDispatchThread::filterAndCheckEvent@31 (line 168)
                      ; - java.awt.EventDispatchThread::pumpOneEventForFilters@35 (line 192)
  0x000002db5236cee4: f843 adff 

  0x000002db5236cee8: ;   {post_call_nop}
  0x000002db5236cee8: 0f1f 8400 | e014 0015 | 33db 4889 | 6c24 3048 | ff74 2440 | 488f 4424 | 5048 8b4c | 2460 e9cc 
  0x000002db5236cf08: eeff ffba | f6ff ffff 

  0x000002db5236cf10: ;   {runtime_call UncommonTrapBlob}
  0x000002db5236cf10: 488b efe8 

  0x000002db5236cf14: ; ImmutableOopMap {rbp=Oop }
                      ;*invokevirtual getNextEvent {reexecute=0 rethrow=0 return_oop=0}
                      ; - java.awt.EventDispatchThread::pumpOneEventForFilters@20 (line 190)
  0x000002db5236cf14: c843 adff 

  0x000002db5236cf18: ;   {post_call_nop}
  0x000002db5236cf18: 0f1f 8400 | 1015 0016 | baf6 ffff | ff49 8bea | 4889 4424 

  0x000002db5236cf2c: ;   {runtime_call UncommonTrapBlob}
  0x000002db5236cf2c: 3066 90e8 

  0x000002db5236cf30: ; ImmutableOopMap {rbp=Oop [48]=Oop [80]=Oop [88]=NarrowOop }
                      ;*monitorenter {reexecute=0 rethrow=0 return_oop=0}
                      ; - java.awt.EventDispatchThread::filterAndCheckEvent@8 (line 166)
                      ; - java.awt.EventDispatchThread::pumpOneEventForFilters@35 (line 192)
  0x000002db5236cf30: ac43 adff 

  0x000002db5236cf34: ;   {post_call_nop}
  0x000002db5236cf34: 0f1f 8400 | 2c15 0017 | 488b cf48 | 8d94 2480 | 0000 004d 

  0x000002db5236cf48: ;   {runtime_call}
  0x000002db5236cf48: 8bc7 49ba | 20a9 3a5c | fb7f 0000 

  0x000002db5236cf54: ;   {post_call_nop}
  0x000002db5236cf54: 41ff d20f | 1f84 0000 | 0000 00e9 | fcec ffff | 4889 6c24 | 284c 8954 | 2420 8bee | 498b d24c 
  0x000002db5236cf74: 8d84 2480 

  0x000002db5236cf78: ;   {runtime_call C2 Runtime complete_monitor_locking}
  0x000002db5236cf78: 0000 00e8 

  0x000002db5236cf7c: ; ImmutableOopMap {[32]=Oop [40]=Oop }
                      ;*synchronization entry
                      ; - java.awt.EventDispatchThread::getEventQueue@-1 (line 222)
                      ; - java.awt.EventDispatchThread::pumpOneEventForFilters@8 (line 188)
  0x000002db5236cf7c: 6097 adff 

  0x000002db5236cf80: ;   {post_call_nop}
  0x000002db5236cf80: 0f1f 8400 | 7815 0018 | 8bf5 488b | 7c24 2048 | 8b6c 2428 | e92b ecff | ff48 894c | 2440 4489 
  0x000002db5236cfa0: 4424 2448 | 8b6c 2430 | 488b d14c | 8d84 2480 

  0x000002db5236cfb0: ;   {runtime_call C2 Runtime complete_monitor_locking}
  0x000002db5236cfb0: 0000 00e8 

  0x000002db5236cfb4: ; ImmutableOopMap {rbp=Oop [36]=NarrowOop [40]=Oop [56]=Oop [64]=Oop [80]=Oop [88]=NarrowOop }
                      ;*monitorenter {reexecute=0 rethrow=0 return_oop=0}
                      ; - java.awt.EventDispatchThread::filterAndCheckEvent@8 (line 166)
                      ; - java.awt.EventDispatchThread::pumpOneEventForFilters@35 (line 192)
  0x000002db5236cfb4: 2897 adff 

  0x000002db5236cfb8: ;   {post_call_nop}
  0x000002db5236cfb8: 0f1f 8400 | b015 0019 | 4889 6c24 | 3044 8b44 | 2424 488b | 4c24 40e9 | 58ed ffff | 488d 9424 
  0x000002db5236cfd8: 8000 0000 

  0x000002db5236cfdc: ;   {runtime_call}
  0x000002db5236cfdc: 4d8b c749 | ba20 a93a | 5cfb 7f00 | 0041 ffd2 

  0x000002db5236cfec: ;   {post_call_nop}
  0x000002db5236cfec: 0f1f 8400 | 0000 0000 | e976 eeff | ffba 6eff | ffff 498b | ea44 8944 

  0x000002db5236d004: ;   {runtime_call UncommonTrapBlob}
  0x000002db5236d004: 2420 90e8 

  0x000002db5236d008: ; ImmutableOopMap {rbp=Oop }
                      ;*aload_0 {reexecute=0 rethrow=0 return_oop=0}
                      ; - java.awt.EventDispatchThread::pumpOneEventForFilters@7 (line 188)
  0x000002db5236d008: d442 adff 

  0x000002db5236d00c: ;   {post_call_nop}
  0x000002db5236d00c: 0f1f 8400 | 0416 001a | bade ffff | ff48 ff74 | 2430 488f 

  0x000002db5236d020: ;   {runtime_call UncommonTrapBlob}
  0x000002db5236d020: 4424 20e8 

  0x000002db5236d024: ; ImmutableOopMap {rbp=NarrowOop [32]=Oop [80]=Oop [88]=NarrowOop }
                      ;*invokeinterface isLoggable {reexecute=0 rethrow=0 return_oop=0}
                      ; - sun.util.logging.PlatformLogger::isLoggable@17 (line 340)
                      ; - java.awt.EventDispatchThread::pumpOneEventForFilters@57 (line 199)
  0x000002db5236d024: b842 adff 

  0x000002db5236d028: ;   {post_call_nop}
  0x000002db5236d028: 0f1f 8400 | 2016 001b | bade ffff | ff48 ff74 | 2430 488f | 4424 2048 | 8974 2438 

  0x000002db5236d044: ;   {runtime_call UncommonTrapBlob}
  0x000002db5236d044: 6666 90e8 

  0x000002db5236d048: ; ImmutableOopMap {rbp=NarrowOop [32]=Oop [56]=Oop [80]=Oop [88]=NarrowOop }
                      ;*invokeinterface platform {reexecute=0 rethrow=0 return_oop=0}
                      ; - jdk.internal.logger.LazyLoggers$LazyLoggerWrapper::platformProxy@4 (line 332)
                      ; - jdk.internal.logger.AbstractLoggerWrapper::isLoggable@1 (line 122)
                      ; - sun.util.logging.PlatformLogger::isLoggable@17 (line 340)
                      ; - java.awt.EventDispatchThread::pumpOneEventForFilters@57 (line 199)
  0x000002db5236d048: 9442 adff 

  0x000002db5236d04c: ;   {post_call_nop}
  0x000002db5236d04c: 0f1f 8400 | 4416 001c | bade ffff | ff48 8b6c | 2430 4c89 

  0x000002db5236d060: ;   {runtime_call UncommonTrapBlob}
  0x000002db5236d060: 5424 30e8 

  0x000002db5236d064: ; ImmutableOopMap {rbp=Oop [48]=Oop [80]=Oop [88]=NarrowOop }
                      ;*invokeinterface isLoggable {reexecute=0 rethrow=0 return_oop=0}
                      ; - jdk.internal.logger.AbstractLoggerWrapper::isLoggable@20 (line 124)
                      ; - sun.util.logging.PlatformLogger::isLoggable@17 (line 340)
                      ; - java.awt.EventDispatchThread::pumpOneEventForFilters@57 (line 199)
  0x000002db5236d064: 7842 adff 

  0x000002db5236d068: ;   {post_call_nop}
  0x000002db5236d068: 0f1f 8400 | 6016 001d | baec ffff | ff48 ff74 | 2430 488f | 4424 2044 | 895c 2434 

  0x000002db5236d084: ;   {runtime_call UncommonTrapBlob}
  0x000002db5236d084: 6666 90e8 

  0x000002db5236d088: ; ImmutableOopMap {rbp=NarrowOop [32]=Oop [52]=NarrowOop [80]=Oop [88]=NarrowOop }
                      ;*ifnull {reexecute=1 rethrow=0 return_oop=0}
                      ; - (reexecute) java.awt.EventQueue::dispatchEvent@9 (line 701)
                      ; - java.awt.EventDispatchThread::pumpOneEventForFilters@81 (line 203)
  0x000002db5236d088: 5442 adff 

  0x000002db5236d08c: ;   {post_call_nop}
  0x000002db5236d08c: 0f1f 8400 | 8416 001e | baf6 ffff | ff48 8b6c | 2430 4489 

  0x000002db5236d0a0: ;   {runtime_call UncommonTrapBlob}
  0x000002db5236d0a0: 5424 30e8 

  0x000002db5236d0a4: ; ImmutableOopMap {rbp=Oop [48]=NarrowOop [80]=Oop }
                      ;*invokevirtual lock {reexecute=0 rethrow=0 return_oop=0}
                      ; - java.util.concurrent.locks.ReentrantLock::lock@4 (line 323)
                      ; - java.awt.EventQueue::setCurrentEventAndMostRecentTimeImpl@4 (line 1201)
                      ; - java.awt.EventQueue::dispatchEventImpl@14 (line 722)
                      ; - java.awt.EventQueue::dispatchEvent@22 (line 702)
                      ; - java.awt.EventDispatchThread::pumpOneEventForFilters@81 (line 203)
  0x000002db5236d0a4: 3842 adff 

  0x000002db5236d0a8: ;   {post_call_nop}
  0x000002db5236d0a8: 0f1f 8400 | a016 001f | bade ffff | ff48 ff74 | 2430 488f | 4424 2044 | 8954 2438 

  0x000002db5236d0c4: ;   {runtime_call UncommonTrapBlob}
  0x000002db5236d0c4: 6666 90e8 

  0x000002db5236d0c8: ; ImmutableOopMap {rbp=NarrowOop [32]=Oop [56]=NarrowOop [80]=Oop }
                      ;*invokeinterface lock {reexecute=0 rethrow=0 return_oop=0}
                      ; - java.awt.EventQueue::setCurrentEventAndMostRecentTimeImpl@4 (line 1201)
                      ; - java.awt.EventQueue::dispatchEventImpl@14 (line 722)
                      ; - java.awt.EventQueue::dispatchEvent@22 (line 702)
                      ; - java.awt.EventDispatchThread::pumpOneEventForFilters@81 (line 203)
  0x000002db5236d0c8: 1442 adff 

  0x000002db5236d0cc: ;   {post_call_nop}
  0x000002db5236d0cc: 0f1f 8400 | c416 0020 | bade ffff 

  0x000002db5236d0d8: ;   {runtime_call UncommonTrapBlob}
  0x000002db5236d0d8: ff66 90e8 

  0x000002db5236d0dc: ; ImmutableOopMap {rbp=NarrowOop [48]=Oop [80]=Oop }
                      ;*invokeinterface unlock {reexecute=0 rethrow=0 return_oop=0}
                      ; - java.awt.EventQueue::setCurrentEventAndMostRecentTimeImpl@168 (line 1236)
                      ; - java.awt.EventQueue::dispatchEventImpl@14 (line 722)
                      ; - java.awt.EventQueue::dispatchEvent@22 (line 702)
                      ; - java.awt.EventDispatchThread::pumpOneEventForFilters@81 (line 203)
  0x000002db5236d0dc: 0042 adff 

  0x000002db5236d0e0: ;   {post_call_nop}
  0x000002db5236d0e0: 0f1f 8400 | d816 0021 | ba45 ffff | ff48 ff74 | 2430 488f | 4424 204c | 8954 2438 

  0x000002db5236d0fc: ;   {runtime_call UncommonTrapBlob}
  0x000002db5236d0fc: 6666 90e8 

  0x000002db5236d100: ; ImmutableOopMap {rbp=NarrowOop [32]=Oop [56]=Oop [80]=Oop [88]=NarrowOop }
                      ;*ifnonnull {reexecute=1 rethrow=0 return_oop=0}
                      ; - (reexecute) jdk.internal.logger.SimpleConsoleLogger::effectiveLevel@4 (line 160)
                      ; - jdk.internal.logger.SimpleConsoleLogger::isLoggable@1 (line 128)
                      ; - jdk.internal.logger.AbstractLoggerWrapper::isLoggable@20 (line 124)
                      ; - sun.util.logging.PlatformLogger::isLoggable@17 (line 340)
                      ; - java.awt.EventDispatchThread::pumpOneEventForFilters@57 (line 199)
  0x000002db5236d100: dc41 adff 

  0x000002db5236d104: ;   {post_call_nop}
  0x000002db5236d104: 0f1f 8400 | fc16 0022 | ba45 ffff | ff44 895c | 2440 4c89 | 4c24 4844 | 8b54 2458 | 4489 5424 
  0x000002db5236d124: 4444 8944 

  0x000002db5236d128: ;   {runtime_call UncommonTrapBlob}
  0x000002db5236d128: 245c 90e8 

  0x000002db5236d12c: ; ImmutableOopMap {rbp=NarrowOop [48]=Oop [68]=NarrowOop [72]=Oop [80]=Oop [92]=NarrowOop }
                      ;*ifnull {reexecute=1 rethrow=0 return_oop=0}
                      ; - (reexecute) java.awt.EventDispatchThread$HierarchyEventFilter::acceptEvent@4 (line 234)
                      ; - java.awt.EventDispatchThread::filterAndCheckEvent@42 (line 169)
                      ; - java.awt.EventDispatchThread::pumpOneEventForFilters@35 (line 192)
  0x000002db5236d12c: b041 adff 

  0x000002db5236d130: ;   {post_call_nop}
  0x000002db5236d130: 0f1f 8400 | 2817 0023 | ba45 ffff | ff48 ff74 | 2430 488f 

  0x000002db5236d144: ;   {runtime_call UncommonTrapBlob}
  0x000002db5236d144: 4424 20e8 

  0x000002db5236d148: ; ImmutableOopMap {[32]=Oop [80]=Oop [88]=NarrowOop }
                      ;*ifeq {reexecute=1 rethrow=0 return_oop=0}
                      ; - (reexecute) sun.awt.dnd.SunDragSourceContextPeer::checkEvent@3 (line 368)
                      ; - java.awt.EventDispatchThread::filterAndCheckEvent@96 (line 178)
                      ; - java.awt.EventDispatchThread::pumpOneEventForFilters@35 (line 192)
  0x000002db5236d148: 9441 adff 

  0x000002db5236d14c: ;   {post_call_nop}
  0x000002db5236d14c: 0f1f 8400 | 4417 0024 | ba45 ffff | ff48 ff74 | 2430 488f | 4424 2044 | 8954 2438 

  0x000002db5236d168: ;   {runtime_call UncommonTrapBlob}
  0x000002db5236d168: 6666 90e8 

  0x000002db5236d16c: ; ImmutableOopMap {[32]=Oop [56]=NarrowOop [80]=Oop }
                      ;*ifne {reexecute=1 rethrow=0 return_oop=0}
                      ; - (reexecute) java.awt.EventQueue::setCurrentEventAndMostRecentTimeImpl@12 (line 1203)
                      ; - java.awt.EventQueue::dispatchEventImpl@14 (line 722)
                      ; - java.awt.EventQueue::dispatchEvent@22 (line 702)
                      ; - java.awt.EventDispatchThread::pumpOneEventForFilters@81 (line 203)
  0x000002db5236d16c: 7041 adff 

  0x000002db5236d170: ;   {post_call_nop}
  0x000002db5236d170: 0f1f 8400 | 6817 0025 | ba45 ffff | ff48 ff74 | 2430 488f | 4424 2089 | 5c24 3048 | 897c 2438 
  0x000002db5236d190: ;   {runtime_call UncommonTrapBlob}
  0x000002db5236d190: 6666 90e8 

  0x000002db5236d194: ; ImmutableOopMap {rbp=NarrowOop [32]=Oop [48]=NarrowOop [56]=Oop [80]=Oop }
                      ;*if_acmpeq {reexecute=1 rethrow=0 return_oop=0}
                      ; - (reexecute) java.util.concurrent.locks.ReentrantLock$Sync::tryRelease@14 (line 175)
                      ; - java.util.concurrent.locks.AbstractQueuedSynchronizer::release@2 (line 1099)
                      ; - java.util.concurrent.locks.ReentrantLock::unlock@5 (line 495)
                      ; - java.awt.EventQueue::setCurrentEventAndMostRecentTimeImpl@168 (line 1236)
                      ; - java.awt.EventQueue::dispatchEventImpl@14 (line 722)
                      ; - java.awt.EventQueue::dispatchEvent@22 (line 702)
                      ; - java.awt.EventDispatchThread::pumpOneEventForFilters@81 (line 203)
  0x000002db5236d194: 4841 adff 

  0x000002db5236d198: ;   {post_call_nop}
  0x000002db5236d198: 0f1f 8400 | 9017 0026 | ba45 ffff 

  0x000002db5236d1a4: ;   {runtime_call UncommonTrapBlob}
  0x000002db5236d1a4: ff66 90e8 

  0x000002db5236d1a8: ; ImmutableOopMap {rbp=NarrowOop [40]=Oop [48]=Oop }
                      ;*ifnull {reexecute=1 rethrow=0 return_oop=0}
                      ; - (reexecute) java.awt.event.InvocationEvent::finishedDispatching@40 (line 413)
                      ; - java.awt.event.InvocationEvent::dispatch@54 (line 326)
                      ; - java.awt.EventQueue::dispatchEventImpl@21 (line 723)
                      ; - java.awt.EventQueue::dispatchEvent@22 (line 702)
                      ; - java.awt.EventDispatchThread::pumpOneEventForFilters@81 (line 203)
  0x000002db5236d1a8: 3441 adff 

  0x000002db5236d1ac: ;   {post_call_nop}
  0x000002db5236d1ac: 0f1f 8400 | a417 0027 | ba45 ffff | ff44 8954 | 2428 4489 

  0x000002db5236d1c0: ;   {runtime_call UncommonTrapBlob}
  0x000002db5236d1c0: 5c24 2ce8 

  0x000002db5236d1c4: ; ImmutableOopMap {[40]=NarrowOop [44]=NarrowOop [48]=Oop [80]=Oop }
                      ;*ifeq {reexecute=1 rethrow=0 return_oop=0}
                      ; - (reexecute) java.awt.EventQueue::dispatchEventImpl@33 (line 724)
                      ; - java.awt.EventQueue::dispatchEvent@22 (line 702)
                      ; - java.awt.EventDispatchThread::pumpOneEventForFilters@81 (line 203)
  0x000002db5236d1c4: 1841 adff 

  0x000002db5236d1c8: ;   {post_call_nop}
  0x000002db5236d1c8: 0f1f 8400 | c017 0028 | bac6 ffff | ff4c 8b54 | 2450 48ff | 7424 3048 | 8f44 2428 | 4c89 5424 
  0x000002db5236d1e8: 3044 895c | 2438 4c89 | 4c24 404c | 8954 2448 | 4489 4424 

  0x000002db5236d1fc: ;   {runtime_call UncommonTrapBlob}
  0x000002db5236d1fc: 5466 90e8 

  0x000002db5236d200: ; ImmutableOopMap {[40]=Oop [48]=Oop [64]=Oop [72]=Oop [84]=NarrowOop [88]=NarrowOop }
                      ;*invokeinterface acceptEvent {reexecute=0 rethrow=0 return_oop=0}
                      ; - java.awt.EventDispatchThread::filterAndCheckEvent@42 (line 169)
                      ; - java.awt.EventDispatchThread::pumpOneEventForFilters@35 (line 192)
  0x000002db5236d200: dc40 adff 

  0x000002db5236d204: ;   {post_call_nop}
  0x000002db5236d204: 0f1f 8400 | fc17 0029 | bade ffff | ff44 8944 

  0x000002db5236d214: ;   {runtime_call UncommonTrapBlob}
  0x000002db5236d214: 2428 90e8 

  0x000002db5236d218: ; ImmutableOopMap {rbp=Oop [40]=NarrowOop [48]=Oop }
                      ;*invokeinterface setCanAccessSystemClipboard {reexecute=0 rethrow=0 return_oop=0}
                      ; - java.awt.AWTEvent::dispatched@15 (line 572)
                      ; - java.awt.EventQueue::dispatchEventImpl@45 (line 726)
                      ; - java.awt.EventQueue::dispatchEvent@22 (line 702)
                      ; - java.awt.EventDispatchThread::pumpOneEventForFilters@81 (line 203)
  0x000002db5236d218: c440 adff 

  0x000002db5236d21c: ;   {post_call_nop}
  0x000002db5236d21c: 0f1f 8400 | 1418 002a | ba45 ffff | ff48 8b6c | 2430 4489 

  0x000002db5236d230: ;   {runtime_call UncommonTrapBlob}
  0x000002db5236d230: 5424 30e8 

  0x000002db5236d234: ; ImmutableOopMap {rbp=Oop [48]=NarrowOop [80]=Oop }
                      ;*ifeq {reexecute=1 rethrow=0 return_oop=0}
                      ; - (reexecute) java.awt.EventQueue::setCurrentEventAndMostRecentTimeImpl@93 (line 1224)
                      ; - java.awt.EventQueue::dispatchEventImpl@14 (line 722)
                      ; - java.awt.EventQueue::dispatchEvent@22 (line 702)
                      ; - java.awt.EventDispatchThread::pumpOneEventForFilters@81 (line 203)
  0x000002db5236d234: a840 adff 

  0x000002db5236d238: ;   {post_call_nop}
  0x000002db5236d238: 0f1f 8400 | 3018 002b | ba45 ffff | ff48 8b6c | 2430 4489 

  0x000002db5236d24c: ;   {runtime_call UncommonTrapBlob}
  0x000002db5236d24c: 5424 30e8 

  0x000002db5236d250: ; ImmutableOopMap {rbp=Oop [48]=NarrowOop [80]=Oop }
                      ;*ifeq {reexecute=1 rethrow=0 return_oop=0}
                      ; - (reexecute) java.awt.EventQueue::setCurrentEventAndMostRecentTimeImpl@115 (line 1227)
                      ; - java.awt.EventQueue::dispatchEventImpl@14 (line 722)
                      ; - java.awt.EventQueue::dispatchEvent@22 (line 702)
                      ; - java.awt.EventDispatchThread::pumpOneEventForFilters@81 (line 203)
  0x000002db5236d250: 8c40 adff 

  0x000002db5236d254: ;   {post_call_nop}
  0x000002db5236d254: 0f1f 8400 | 4c18 002c | ba45 ffff | ff48 ff74 | 2430 488f | 4424 2044 | 8944 2434 

  0x000002db5236d270: ;   {runtime_call UncommonTrapBlob}
  0x000002db5236d270: 6666 90e8 

  0x000002db5236d274: ; ImmutableOopMap {[32]=Oop [52]=NarrowOop [80]=Oop }
                      ;*ifeq {reexecute=1 rethrow=0 return_oop=0}
                      ; - (reexecute) jdk.internal.misc.Unsafe::getAndBitwiseAndInt@21 (line 3249)
                      ; - java.util.concurrent.locks.AbstractQueuedSynchronizer$Node::getAndUnsetStatus@10 (line 482)
                      ; - java.util.concurrent.locks.AbstractQueuedSynchronizer::signalNext@22 (line 645)
                      ; - java.util.concurrent.locks.AbstractQueuedSynchronizer::release@12 (line 1100)
                      ; - java.util.concurrent.locks.ReentrantLock::unlock@5 (line 495)
                      ; - java.awt.EventQueue::setCurrentEventAndMostRecentTimeImpl@168 (line 1236)
                      ; - java.awt.EventQueue::dispatchEventImpl@14 (line 722)
                      ; - java.awt.EventQueue::dispatchEvent@22 (line 702)
                      ; - java.awt.EventDispatchThread::pumpOneEventForFilters@81 (line 203)
  0x000002db5236d274: 6840 adff 

  0x000002db5236d278: ;   {post_call_nop}
  0x000002db5236d278: 0f1f 8400 | 7018 002d | bade ffff | ff48 ff74 | 2430 488f | 4424 2844 | 8974 2438 | 4489 5424 
  0x000002db5236d298: 3c44 894c 

  0x000002db5236d29c: ;   {runtime_call UncommonTrapBlob}
  0x000002db5236d29c: 2448 90e8 

  0x000002db5236d2a0: ; ImmutableOopMap {[40]=Oop [60]=NarrowOop [72]=NarrowOop [80]=Oop [88]=NarrowOop }
                      ;*checkcast {reexecute=0 rethrow=0 return_oop=0}
                      ; - java.awt.EventDispatchThread::filterAndCheckEvent@34 (line 168)
                      ; - java.awt.EventDispatchThread::pumpOneEventForFilters@35 (line 192)
  0x000002db5236d2a0: 3c40 adff 

  0x000002db5236d2a4: ;   {post_call_nop}
  0x000002db5236d2a4: 0f1f 8400 | 9c18 002e | ba45 ffff | ff48 ff74 | 2430 488f | 4424 2044 | 8954 2438 | 895c 243c 
  0x000002db5236d2c4: ;   {runtime_call UncommonTrapBlob}
  0x000002db5236d2c4: 6666 90e8 

  0x000002db5236d2c8: ; ImmutableOopMap {[32]=Oop [56]=NarrowOop [60]=NarrowOop [80]=Oop }
                      ;*ifge {reexecute=1 rethrow=0 return_oop=0}
                      ; - (reexecute) java.util.concurrent.locks.ReentrantLock$NonfairSync::initialTryLock@36 (line 231)
                      ; - java.util.concurrent.locks.ReentrantLock$Sync::lock@1 (line 153)
                      ; - java.util.concurrent.locks.ReentrantLock::lock@4 (line 323)
                      ; - java.awt.EventQueue::setCurrentEventAndMostRecentTimeImpl@4 (line 1201)
                      ; - java.awt.EventQueue::dispatchEventImpl@14 (line 722)
                      ; - java.awt.EventQueue::dispatchEvent@22 (line 702)
                      ; - java.awt.EventDispatchThread::pumpOneEventForFilters@81 (line 203)
  0x000002db5236d2c8: 1440 adff 

  0x000002db5236d2cc: ;   {post_call_nop}
  0x000002db5236d2cc: 0f1f 8400 | c418 002f | bade ffff 

  0x000002db5236d2d8: ;   {runtime_call UncommonTrapBlob}
  0x000002db5236d2d8: ff66 90e8 

  0x000002db5236d2dc: ; ImmutableOopMap {rbp=NarrowOop [48]=Oop [80]=Oop }
                      ;*invokeinterface unlock {reexecute=0 rethrow=0 return_oop=0}
                      ; - java.awt.EventQueue::setCurrentEventAndMostRecentTimeImpl@29 (line 1236)
                      ; - java.awt.EventQueue::dispatchEventImpl@14 (line 722)
                      ; - java.awt.EventQueue::dispatchEvent@22 (line 702)
                      ; - java.awt.EventDispatchThread::pumpOneEventForFilters@81 (line 203)
  0x000002db5236d2dc: 0040 adff 

  0x000002db5236d2e0: ;   {post_call_nop}
  0x000002db5236d2e0: 0f1f 8400 | d818 0030 | 4889 7c24 | 4848 8974 | 2440 48ff | 7424 5048 | 8f44 2420 | 488b 6c24 
  0x000002db5236d300: 3048 8bd7 | 4c8d 8424 | 8000 0000 

  0x000002db5236d30c: ;   {runtime_call C2 Runtime complete_monitor_locking}
  0x000002db5236d30c: 6666 90e8 

  0x000002db5236d310: ; ImmutableOopMap {rbp=Oop [32]=Oop [40]=Oop [56]=Oop [64]=Oop [72]=Oop [88]=NarrowOop }
                      ;*monitorenter {reexecute=0 rethrow=0 return_oop=0}
                      ; - jdk.internal.logger.LazyLoggers$LazyLoggerAccessor::platform@14 (line 195)
                      ; - jdk.internal.logger.LazyLoggers$LazyLoggerWrapper::platformProxy@4 (line 332)
                      ; - jdk.internal.logger.AbstractLoggerWrapper::isLoggable@1 (line 122)
                      ; - sun.util.logging.PlatformLogger::isLoggable@17 (line 340)
                      ; - java.awt.EventDispatchThread::pumpOneEventForFilters@57 (line 199)
  0x000002db5236d310: cc93 adff 

  0x000002db5236d314: ;   {post_call_nop}
  0x000002db5236d314: 0f1f 8400 | 0c19 0031 | 4889 6c24 | 3048 ff74 | 2420 488f | 4424 5048 | 8b74 2440 | 488b 7c24 
  0x000002db5236d334: 48e9 e4f3 | ffff 4c8b | d749 8bca | 488d 9424 | 8000 0000 

  0x000002db5236d348: ;   {runtime_call}
  0x000002db5236d348: 4d8b c749 | ba20 a93a | 5cfb 7f00 | 0041 ffd2 

  0x000002db5236d358: ;   {post_call_nop}
  0x000002db5236d358: 0f1f 8400 | 0000 0000 | e968 f4ff | ffba f6ff 

  0x000002db5236d368: ;   {runtime_call UncommonTrapBlob}
  0x000002db5236d368: ffff 90e8 

  0x000002db5236d36c: ; ImmutableOopMap {[40]=Oop [48]=Oop }
                      ;*monitorenter {reexecute=0 rethrow=0 return_oop=0}
                      ; - java.awt.event.InvocationEvent::finishedDispatching@18 (line 408)
                      ; - java.awt.event.InvocationEvent::dispatch@54 (line 326)
                      ; - java.awt.EventQueue::dispatchEventImpl@21 (line 723)
                      ; - java.awt.EventQueue::dispatchEvent@22 (line 702)
                      ; - java.awt.EventDispatchThread::pumpOneEventForFilters@81 (line 203)
  0x000002db5236d36c: 703f adff 

  0x000002db5236d370: ;   {post_call_nop}
  0x000002db5236d370: 0f1f 8400 | 6819 0032 | baf6 ffff 

  0x000002db5236d37c: ;   {runtime_call UncommonTrapBlob}
  0x000002db5236d37c: ff66 90e8 

  0x000002db5236d380: ; ImmutableOopMap {rbp=NarrowOop [40]=Oop [48]=Oop }
                      ;*invokevirtual notifyAll {reexecute=0 rethrow=0 return_oop=0}
                      ; - java.awt.event.InvocationEvent::finishedDispatching@23 (line 409)
                      ; - java.awt.event.InvocationEvent::dispatch@54 (line 326)
                      ; - java.awt.EventQueue::dispatchEventImpl@21 (line 723)
                      ; - java.awt.EventQueue::dispatchEvent@22 (line 702)
                      ; - java.awt.EventDispatchThread::pumpOneEventForFilters@81 (line 203)
  0x000002db5236d380: 5c3f adff 

  0x000002db5236d384: ;   {post_call_nop}
  0x000002db5236d384: 0f1f 8400 | 7c19 0033 | bade ffff 

  0x000002db5236d390: ;   {runtime_call UncommonTrapBlob}
  0x000002db5236d390: ff66 90e8 

  0x000002db5236d394: ; ImmutableOopMap {rbp=NarrowOop [40]=Oop [48]=Oop }
                      ;*invokeinterface run {reexecute=0 rethrow=0 return_oop=0}
                      ; - java.awt.event.InvocationEvent::dispatch@11 (line 313)
                      ; - java.awt.EventQueue::dispatchEventImpl@21 (line 723)
                      ; - java.awt.EventQueue::dispatchEvent@22 (line 702)
                      ; - java.awt.EventDispatchThread::pumpOneEventForFilters@81 (line 203)
  0x000002db5236d394: 483f adff 

  0x000002db5236d398: ;   {post_call_nop}
  0x000002db5236d398: 0f1f 8400 | 9019 0034 | 4c89 5c24 | 3848 ff74 | 2430 488f | 4424 2049 | 8bd3 4c8d | 8424 8000 
  0x000002db5236d3b8: ;   {runtime_call C2 Runtime complete_monitor_locking}
  0x000002db5236d3b8: 0000 90e8 

  0x000002db5236d3bc: ; ImmutableOopMap {rbp=NarrowOop [32]=Oop [40]=Oop [56]=Oop }
                      ;*monitorenter {reexecute=0 rethrow=0 return_oop=0}
                      ; - java.awt.event.InvocationEvent::finishedDispatching@18 (line 408)
                      ; - java.awt.event.InvocationEvent::dispatch@54 (line 326)
                      ; - java.awt.EventQueue::dispatchEventImpl@21 (line 723)
                      ; - java.awt.EventQueue::dispatchEvent@22 (line 702)
                      ; - java.awt.EventDispatchThread::pumpOneEventForFilters@81 (line 203)
  0x000002db5236d3bc: 2093 adff 

  0x000002db5236d3c0: ;   {post_call_nop}
  0x000002db5236d3c0: 0f1f 8400 | b819 0035 | 48ff 7424 | 2048 8f44 | 2430 4c8b | 5c24 38e9 | b6f4 ffff | 498b cb48 
  0x000002db5236d3e0: 8d94 2480 | 0000 004d 

  0x000002db5236d3e8: ;   {runtime_call}
  0x000002db5236d3e8: 8bc7 49ba | 20a9 3a5c | fb7f 0000 

  0x000002db5236d3f4: ;   {post_call_nop}
  0x000002db5236d3f4: 41ff d20f | 1f84 0000 | 0000 00e9 | 5df5 ffff | bade ffff | ff48 8b6c 

  0x000002db5236d40c: ;   {runtime_call UncommonTrapBlob}
  0x000002db5236d40c: 2430 90e8 

  0x000002db5236d410: ; ImmutableOopMap {rbp=Oop [80]=Oop [88]=NarrowOop }
                      ;*invokevirtual consume {reexecute=0 rethrow=0 return_oop=0}
                      ; - java.awt.EventDispatchThread::pumpOneEventForFilters@44 (line 194)
  0x000002db5236d410: cc3e adff 

  0x000002db5236d414: ;   {post_call_nop}
  0x000002db5236d414: 0f1f 8400 | 0c1a 0036 | 48ff 7424 | 2048 8f44 | 2430 48ff | 7424 4048 | 8f44 2450 | 488b 7424 
  0x000002db5236d434: 48ba 45ff | ffff 48ff | 7424 3048 | 8f44 2420 | 4889 7424 

  0x000002db5236d448: ;   {runtime_call UncommonTrapBlob}
  0x000002db5236d448: 3866 90e8 

  0x000002db5236d44c: ; ImmutableOopMap {rbp=NarrowOop [32]=Oop [56]=Oop [80]=Oop [88]=NarrowOop }
                      ;*ifnonnull {reexecute=1 rethrow=0 return_oop=0}
                      ; - (reexecute) jdk.internal.logger.AbstractLoggerWrapper::isLoggable@6 (line 123)
                      ; - sun.util.logging.PlatformLogger::isLoggable@17 (line 340)
                      ; - java.awt.EventDispatchThread::pumpOneEventForFilters@57 (line 199)
  0x000002db5236d44c: 903e adff 

  0x000002db5236d450: ;   {post_call_nop}
  0x000002db5236d450: 0f1f 8400 | 481a 0037 | 488b cf48 | 8d94 2480 | 0000 004d 

  0x000002db5236d464: ;   {runtime_call}
  0x000002db5236d464: 8bc7 49ba | 20a9 3a5c | fb7f 0000 

  0x000002db5236d470: ;   {post_call_nop}
  0x000002db5236d470: 41ff d20f | 1f84 0000 | 0000 00e9 | 19f6 ffff | baec ffff | ff48 ff74 | 2430 488f | 4424 2048 
  0x000002db5236d490: 8974 2438 | 4889 7c24 

  0x000002db5236d498: ;   {runtime_call UncommonTrapBlob}
  0x000002db5236d498: 4866 90e8 

  0x000002db5236d49c: ; ImmutableOopMap {rbp=NarrowOop [32]=Oop [56]=Oop [72]=Oop [80]=Oop [88]=NarrowOop }
                      ;*invokestatic getLogger {reexecute=0 rethrow=0 return_oop=0}
                      ; - jdk.internal.logger.LazyLoggers$LazyLoggerAccessor::platform@62 (line 206)
                      ; - jdk.internal.logger.LazyLoggers$LazyLoggerWrapper::platformProxy@4 (line 332)
                      ; - jdk.internal.logger.AbstractLoggerWrapper::isLoggable@1 (line 122)
                      ; - sun.util.logging.PlatformLogger::isLoggable@17 (line 340)
                      ; - java.awt.EventDispatchThread::pumpOneEventForFilters@57 (line 199)
  0x000002db5236d49c: 403e adff 

  0x000002db5236d4a0: ;   {post_call_nop}
  0x000002db5236d4a0: 0f1f 8400 | 981a 0038 | 498b d34c | 8d84 2480 

  0x000002db5236d4b0: ;   {runtime_call C2 Runtime complete_monitor_locking}
  0x000002db5236d4b0: 0000 00e8 

  0x000002db5236d4b4: ; ImmutableOopMap {rbp=Oop [32]=Oop [40]=Oop [48]=Oop [56]=Oop [64]=Oop [72]=Oop [88]=NarrowOop }
                      ;*monitorenter {reexecute=0 rethrow=0 return_oop=0}
                      ; - jdk.internal.logger.LazyLoggers$LazyLoggerAccessor::platform@69 (line 207)
                      ; - jdk.internal.logger.LazyLoggers$LazyLoggerWrapper::platformProxy@4 (line 332)
                      ; - jdk.internal.logger.AbstractLoggerWrapper::isLoggable@1 (line 122)
                      ; - sun.util.logging.PlatformLogger::isLoggable@17 (line 340)
                      ; - java.awt.EventDispatchThread::pumpOneEventForFilters@57 (line 199)
  0x000002db5236d4b4: 2892 adff 

  0x000002db5236d4b8: ;   {post_call_nop}
  0x000002db5236d4b8: 0f1f 8400 | b01a 0039 | 4c8b dde9 | 8df6 ffff | 498b c948 | 8d94 2480 | 0000 004d 

  0x000002db5236d4d4: ;   {runtime_call}
  0x000002db5236d4d4: 8bc7 49ba | 20a9 3a5c | fb7f 0000 

  0x000002db5236d4e0: ;   {post_call_nop}
  0x000002db5236d4e0: 41ff d20f | 1f84 0000 | 0000 00e9 | 2ff7 ffff | ba95 ffff | ff48 ff74 | 2428 488f | 4424 2048 
  0x000002db5236d500: 8944 2428 

  0x000002db5236d504: ;   {runtime_call UncommonTrapBlob}
  0x000002db5236d504: 6666 90e8 

  0x000002db5236d508: ; ImmutableOopMap {[32]=Oop [40]=Oop [48]=Oop }
                      ;*astore_2 {reexecute=0 rethrow=0 return_oop=0}
                      ; - java.awt.event.InvocationEvent::dispatch@60 (line 326)
                      ; - java.awt.EventQueue::dispatchEventImpl@21 (line 723)
                      ; - java.awt.EventQueue::dispatchEvent@22 (line 702)
                      ; - java.awt.EventDispatchThread::pumpOneEventForFilters@81 (line 203)
  0x000002db5236d508: d43d adff 

  0x000002db5236d50c: ;   {post_call_nop}
  0x000002db5236d50c: 0f1f 8400 | 041b 003a | baf6 ffff | ff48 ff74 | 2430 488f | 4424 2844 | 8954 243c | 4489 4424 
  0x000002db5236d52c: ;   {runtime_call UncommonTrapBlob}
  0x000002db5236d52c: 4866 90e8 

  0x000002db5236d530: ; ImmutableOopMap {[40]=Oop [72]=NarrowOop [80]=Oop [88]=NarrowOop }
                      ;*invokevirtual get {reexecute=0 rethrow=0 return_oop=0}
                      ; - java.awt.EventDispatchThread::filterAndCheckEvent@31 (line 168)
                      ; - java.awt.EventDispatchThread::pumpOneEventForFilters@35 (line 192)
  0x000002db5236d530: ac3d adff 

  0x000002db5236d534: ;   {post_call_nop}
  0x000002db5236d534: 0f1f 8400 | 2c1b 003b | baf6 ffff | ff48 ff74 | 2430 488f | 4424 2844 | 8954 2438 | 4489 5c24 
  0x000002db5236d554: 3c44 8944 

  0x000002db5236d558: ;   {runtime_call UncommonTrapBlob}
  0x000002db5236d558: 2448 90e8 

  0x000002db5236d55c: ; ImmutableOopMap {[40]=Oop [72]=NarrowOop [80]=Oop [88]=NarrowOop }
                      ;*aaload {reexecute=0 rethrow=0 return_oop=0}
                      ; - java.util.ArrayList::elementData@5 (line 412)
                      ; - java.util.ArrayList::get@11 (line 429)
                      ; - java.awt.EventDispatchThread::filterAndCheckEvent@31 (line 168)
                      ; - java.awt.EventDispatchThread::pumpOneEventForFilters@35 (line 192)
  0x000002db5236d55c: 803d adff 

  0x000002db5236d560: ;   {post_call_nop}
  0x000002db5236d560: 0f1f 8400 | 581b 003c | baf4 ffff | ff48 ff74 | 2430 488f | 4424 2844 | 895c 2438 | 4489 4424 
  0x000002db5236d580: ;   {runtime_call UncommonTrapBlob}
  0x000002db5236d580: 4466 90e8 

  0x000002db5236d584: ; ImmutableOopMap {[40]=Oop [68]=NarrowOop [80]=Oop [88]=NarrowOop }
                      ;*checkcast {reexecute=0 rethrow=0 return_oop=0}
                      ; - java.awt.EventDispatchThread::filterAndCheckEvent@34 (line 168)
                      ; - java.awt.EventDispatchThread::pumpOneEventForFilters@35 (line 192)
  0x000002db5236d584: 583d adff 

  0x000002db5236d588: ;   {post_call_nop}
  0x000002db5236d588: 0f1f 8400 | 801b 003d | baf6 ffff | ff4c 8b54 | 2450 48ff | 7424 3048 | 8f44 2428 | 4c89 5424 
  0x000002db5236d5a8: 3044 8944 

  0x000002db5236d5ac: ;   {runtime_call UncommonTrapBlob}
  0x000002db5236d5ac: 2440 90e8 

  0x000002db5236d5b0: ; ImmutableOopMap {[40]=Oop [48]=Oop [64]=NarrowOop [80]=Oop [88]=NarrowOop }
                      ;*invokevirtual size {reexecute=0 rethrow=0 return_oop=0}
                      ; - java.awt.EventDispatchThread::filterAndCheckEvent@13 (line 167)
                      ; - java.awt.EventDispatchThread::pumpOneEventForFilters@35 (line 192)
  0x000002db5236d5b0: 2c3d adff 

  0x000002db5236d5b4: ;   {post_call_nop}
  0x000002db5236d5b4: 0f1f 8400 | ac1b 003e | baf6 ffff 

  0x000002db5236d5c0: ;   {runtime_call UncommonTrapBlob}
  0x000002db5236d5c0: ff66 90e8 

  0x000002db5236d5c4: ; ImmutableOopMap {[48]=Oop [80]=Oop [88]=NarrowOop }
                      ;*invokeinterface isLoggable {reexecute=0 rethrow=0 return_oop=0}
                      ; - sun.util.logging.PlatformLogger::isLoggable@17 (line 340)
                      ; - java.awt.EventDispatchThread::pumpOneEventForFilters@57 (line 199)
  0x000002db5236d5c4: 183d adff 

  0x000002db5236d5c8: ;   {post_call_nop}
  0x000002db5236d5c8: 0f1f 8400 | c01b 003f | baf6 ffff 

  0x000002db5236d5d4: ;   {runtime_call UncommonTrapBlob}
  0x000002db5236d5d4: ff66 90e8 

  0x000002db5236d5d8: ; ImmutableOopMap {[48]=Oop [80]=Oop [88]=NarrowOop }
                      ;*invokeinterface platform {reexecute=0 rethrow=0 return_oop=0}
                      ; - jdk.internal.logger.LazyLoggers$LazyLoggerWrapper::platformProxy@4 (line 332)
                      ; - jdk.internal.logger.AbstractLoggerWrapper::isLoggable@1 (line 122)
                      ; - sun.util.logging.PlatformLogger::isLoggable@17 (line 340)
                      ; - java.awt.EventDispatchThread::pumpOneEventForFilters@57 (line 199)
  0x000002db5236d5d8: 043d adff 

  0x000002db5236d5dc: ;   {post_call_nop}
  0x000002db5236d5dc: 0f1f 8400 | d41b 0040 | baf6 ffff 

  0x000002db5236d5e8: ;   {runtime_call UncommonTrapBlob}
  0x000002db5236d5e8: ff66 90e8 

  0x000002db5236d5ec: ; ImmutableOopMap {[48]=Oop }
                      ;*invokevirtual getSource {reexecute=0 rethrow=0 return_oop=0}
                      ; - java.awt.EventQueue::dispatchEvent@1 (line 697)
                      ; - java.awt.EventDispatchThread::pumpOneEventForFilters@81 (line 203)
  0x000002db5236d5ec: f03c adff 

  0x000002db5236d5f0: ;   {post_call_nop}
  0x000002db5236d5f0: 0f1f 8400 | e81b 0041 | baf6 ffff | ff48 8b6c | 2430 4489 

  0x000002db5236d604: ;   {runtime_call UncommonTrapBlob}
  0x000002db5236d604: 5424 30e8 

  0x000002db5236d608: ; ImmutableOopMap {rbp=Oop [48]=NarrowOop [80]=Oop }
                      ;*invokeinterface lock {reexecute=0 rethrow=0 return_oop=0}
                      ; - java.awt.EventQueue::setCurrentEventAndMostRecentTimeImpl@4 (line 1201)
                      ; - java.awt.EventQueue::dispatchEventImpl@14 (line 722)
                      ; - java.awt.EventQueue::dispatchEvent@22 (line 702)
                      ; - java.awt.EventDispatchThread::pumpOneEventForFilters@81 (line 203)
  0x000002db5236d608: d43c adff 

  0x000002db5236d60c: ;   {post_call_nop}
  0x000002db5236d60c: 0f1f 8400 | 041c 0042 | baf6 ffff 

  0x000002db5236d618: ;   {runtime_call UncommonTrapBlob}
  0x000002db5236d618: ff66 90e8 

  0x000002db5236d61c: ; ImmutableOopMap {[48]=Oop [80]=Oop }
                      ;*invokeinterface unlock {reexecute=0 rethrow=0 return_oop=0}
                      ; - java.awt.EventQueue::setCurrentEventAndMostRecentTimeImpl@168 (line 1236)
                      ; - java.awt.EventQueue::dispatchEventImpl@14 (line 722)
                      ; - java.awt.EventQueue::dispatchEvent@22 (line 702)
                      ; - java.awt.EventDispatchThread::pumpOneEventForFilters@81 (line 203)
  0x000002db5236d61c: c03c adff 

  0x000002db5236d620: ;   {post_call_nop}
  0x000002db5236d620: 0f1f 8400 | 181c 0043 | baf6 ffff 

  0x000002db5236d62c: ;   {runtime_call UncommonTrapBlob}
  0x000002db5236d62c: ff66 90e8 

  0x000002db5236d630: ; ImmutableOopMap {[48]=Oop [80]=Oop }
                      ;*invokevirtual release {reexecute=0 rethrow=0 return_oop=0}
                      ; - java.util.concurrent.locks.ReentrantLock::unlock@5 (line 495)
                      ; - java.awt.EventQueue::setCurrentEventAndMostRecentTimeImpl@168 (line 1236)
                      ; - java.awt.EventQueue::dispatchEventImpl@14 (line 722)
                      ; - java.awt.EventQueue::dispatchEvent@22 (line 702)
                      ; - java.awt.EventDispatchThread::pumpOneEventForFilters@81 (line 203)
  0x000002db5236d630: ac3c adff 

  0x000002db5236d634: ;   {post_call_nop}
  0x000002db5236d634: 0f1f 8400 | 2c1c 0044 | baf4 ffff | ff44 8954 

  0x000002db5236d644: ;   {runtime_call UncommonTrapBlob}
  0x000002db5236d644: 2428 90e8 

  0x000002db5236d648: ; ImmutableOopMap {[40]=NarrowOop [48]=Oop [80]=Oop }
                      ;*instanceof {reexecute=0 rethrow=0 return_oop=0}
                      ; - java.awt.EventQueue::dispatchEventImpl@30 (line 724)
                      ; - java.awt.EventQueue::dispatchEvent@22 (line 702)
                      ; - java.awt.EventDispatchThread::pumpOneEventForFilters@81 (line 203)
  0x000002db5236d648: 943c adff 

  0x000002db5236d64c: ;   {post_call_nop}
  0x000002db5236d64c: 0f1f 8400 | 441c 0045 | ba45 ffff | ff44 8944 

  0x000002db5236d65c: ;   {runtime_call UncommonTrapBlob}
  0x000002db5236d65c: 242c 90e8 

  0x000002db5236d660: ; ImmutableOopMap {[44]=NarrowOop [48]=Oop [80]=Oop }
                      ;*ifnonnull {reexecute=1 rethrow=0 return_oop=0}
                      ; - (reexecute) sun.awt.AWTAccessor::getInputEventAccessor@5 (line 962)
                      ; - java.awt.AWTEvent::dispatched@7 (line 571)
                      ; - java.awt.EventQueue::dispatchEventImpl@45 (line 726)
                      ; - java.awt.EventQueue::dispatchEvent@22 (line 702)
                      ; - java.awt.EventDispatchThread::pumpOneEventForFilters@81 (line 203)
  0x000002db5236d660: 7c3c adff 

  0x000002db5236d664: ;   {post_call_nop}
  0x000002db5236d664: 0f1f 8400 | 5c1c 0046 | baf6 ffff | ff48 ff74 | 2430 488f | 4424 2844 | 895c 2438 | 4489 4424 
  0x000002db5236d684: ;   {runtime_call UncommonTrapBlob}
  0x000002db5236d684: 4466 90e8 

  0x000002db5236d688: ; ImmutableOopMap {[40]=Oop [68]=NarrowOop [80]=Oop [88]=NarrowOop }
                      ;*invokevirtual isVisible {reexecute=0 rethrow=0 return_oop=0}
                      ; - java.awt.ModalEventFilter::acceptEvent@11 (line 46)
                      ; - java.awt.EventDispatchThread::filterAndCheckEvent@42 (line 169)
                      ; - java.awt.EventDispatchThread::pumpOneEventForFilters@35 (line 192)
  0x000002db5236d688: 543c adff 

  0x000002db5236d68c: ;   {post_call_nop}
  0x000002db5236d68c: 0f1f 8400 | 841c 0047 | baf6 ffff | ff48 ff74 | 2430 488f | 4424 2844 | 895c 2438 | 4489 4424 
  0x000002db5236d6ac: ;   {runtime_call UncommonTrapBlob}
  0x000002db5236d6ac: 4466 90e8 

  0x000002db5236d6b0: ; ImmutableOopMap {[40]=Oop [68]=NarrowOop [80]=Oop [88]=NarrowOop }
                      ;*invokevirtual getID {reexecute=0 rethrow=0 return_oop=0}
                      ; - java.awt.ModalEventFilter::acceptEvent@22 (line 49)
                      ; - java.awt.EventDispatchThread::filterAndCheckEvent@42 (line 169)
                      ; - java.awt.EventDispatchThread::pumpOneEventForFilters@35 (line 192)
  0x000002db5236d6b0: 2c3c adff 

  0x000002db5236d6b4: ;   {post_call_nop}
  0x000002db5236d6b4: 0f1f 8400 | ac1c 0048 | ba95 ffff | ff48 ff74 | 2428 488f | 4424 2048 | 8944 2428 

  0x000002db5236d6d0: ;   {runtime_call UncommonTrapBlob}
  0x000002db5236d6d0: 6666 90e8 

  0x000002db5236d6d4: ; ImmutableOopMap {[32]=Oop [40]=Oop [48]=Oop }
                      ;*astore_1 {reexecute=0 rethrow=0 return_oop=0}
                      ; - java.awt.event.InvocationEvent::dispatch@19 (line 315)
                      ; - java.awt.EventQueue::dispatchEventImpl@21 (line 723)
                      ; - java.awt.EventQueue::dispatchEvent@22 (line 702)
                      ; - java.awt.EventDispatchThread::pumpOneEventForFilters@81 (line 203)
  0x000002db5236d6d4: 083c adff 

  0x000002db5236d6d8: ;   {post_call_nop}
  0x000002db5236d6d8: 0f1f 8400 | d01c 0049 | ba95 ffff | ff48 8944 

  0x000002db5236d6e8: ;   {runtime_call UncommonTrapBlob}
  0x000002db5236d6e8: 2428 90e8 

  0x000002db5236d6ec: ; ImmutableOopMap {rbp=NarrowOop [32]=Oop [40]=Oop }
                      ;*astore_3 {reexecute=0 rethrow=0 return_oop=0}
                      ; - java.awt.event.InvocationEvent::finishedDispatching@31 (line 410)
                      ; - java.awt.event.InvocationEvent::dispatch@54 (line 326)
                      ; - java.awt.EventQueue::dispatchEventImpl@21 (line 723)
                      ; - java.awt.EventQueue::dispatchEvent@22 (line 702)
                      ; - java.awt.EventDispatchThread::pumpOneEventForFilters@81 (line 203)
  0x000002db5236d6ec: f03b adff 

  0x000002db5236d6f0: ;   {post_call_nop}
  0x000002db5236d6f0: 0f1f 8400 | e81c 004a | baf4 ffff | ff48 ff74 | 2430 488f | 4424 2844 | 895c 2438 | 4c89 4c24 
  0x000002db5236d710: 4044 8944 

  0x000002db5236d714: ;   {runtime_call UncommonTrapBlob}
  0x000002db5236d714: 244c 90e8 

  0x000002db5236d718: ; ImmutableOopMap {[40]=Oop [64]=Oop [76]=NarrowOop [80]=Oop [88]=NarrowOop }
                      ;*instanceof {reexecute=0 rethrow=0 return_oop=0}
                      ; - java.awt.ModalEventFilter::acceptEvent@67 (line 57)
                      ; - java.awt.EventDispatchThread::filterAndCheckEvent@42 (line 169)
                      ; - java.awt.EventDispatchThread::pumpOneEventForFilters@35 (line 192)
  0x000002db5236d718: c43b adff 

  0x000002db5236d71c: ;   {post_call_nop}
  0x000002db5236d71c: 0f1f 8400 | 141d 004b | ba95 ffff | ff44 8b5c | 2448 4889 | 4424 3044 | 895c 2438 

  0x000002db5236d738: ;   {runtime_call UncommonTrapBlob}
  0x000002db5236d738: 6666 90e8 

  0x000002db5236d73c: ; ImmutableOopMap {rbp=Oop [48]=Oop [56]=NarrowOop [64]=Oop [72]=NarrowOop [88]=NarrowOop }
                      ;*astore {reexecute=0 rethrow=0 return_oop=0}
                      ; - java.awt.EventDispatchThread::filterAndCheckEvent@84 (line 177)
                      ; - java.awt.EventDispatchThread::pumpOneEventForFilters@35 (line 192)
  0x000002db5236d73c: a03b adff 

  0x000002db5236d740: ;   {post_call_nop}
  0x000002db5236d740: 0f1f 8400 | 381d 004c | baf6 ffff 

  0x000002db5236d74c: ;   {runtime_call UncommonTrapBlob}
  0x000002db5236d74c: ff66 90e8 

  0x000002db5236d750: ; ImmutableOopMap {[48]=Oop [80]=Oop }
                      ;*invokeinterface unlock {reexecute=0 rethrow=0 return_oop=0}
                      ; - java.awt.EventQueue::setCurrentEventAndMostRecentTimeImpl@29 (line 1236)
                      ; - java.awt.EventQueue::dispatchEventImpl@14 (line 722)
                      ; - java.awt.EventQueue::dispatchEvent@22 (line 702)
                      ; - java.awt.EventDispatchThread::pumpOneEventForFilters@81 (line 203)
  0x000002db5236d750: 8c3b adff 

  0x000002db5236d754: ;   {post_call_nop}
  0x000002db5236d754: 0f1f 8400 | 4c1d 004d | ba95 ffff | ff48 ff74 | 2440 488f | 4424 3848 | 8944 2448 

  0x000002db5236d770: ;   {runtime_call UncommonTrapBlob}
  0x000002db5236d770: 6666 90e8 

  0x000002db5236d774: ; ImmutableOopMap {rbp=Oop [32]=Oop [48]=Oop [56]=Oop [72]=Oop [88]=NarrowOop }
                      ;*astore_3 {reexecute=0 rethrow=0 return_oop=0}
                      ; - jdk.internal.logger.LazyLoggers$LazyLoggerAccessor::platform@52 (line 200)
                      ; - jdk.internal.logger.LazyLoggers$LazyLoggerWrapper::platformProxy@4 (line 332)
                      ; - jdk.internal.logger.AbstractLoggerWrapper::isLoggable@1 (line 122)
                      ; - sun.util.logging.PlatformLogger::isLoggable@17 (line 340)
                      ; - java.awt.EventDispatchThread::pumpOneEventForFilters@57 (line 199)
  0x000002db5236d774: 683b adff 

  0x000002db5236d778: ;   {post_call_nop}
  0x000002db5236d778: 0f1f 8400 | 701d 004e | baf6 ffff 

  0x000002db5236d784: ;   {runtime_call UncommonTrapBlob}
  0x000002db5236d784: ff66 90e8 

  0x000002db5236d788: ; ImmutableOopMap {[40]=Oop [48]=Oop }
                      ;*invokeinterface run {reexecute=0 rethrow=0 return_oop=0}
                      ; - java.awt.event.InvocationEvent::dispatch@11 (line 313)
                      ; - java.awt.EventQueue::dispatchEventImpl@21 (line 723)
                      ; - java.awt.EventQueue::dispatchEvent@22 (line 702)
                      ; - java.awt.EventDispatchThread::pumpOneEventForFilters@81 (line 203)
  0x000002db5236d788: 543b adff 

  0x000002db5236d78c: ;   {post_call_nop}
  0x000002db5236d78c: 0f1f 8400 | 841d 004f | baf6 ffff 

  0x000002db5236d798: ;   {runtime_call UncommonTrapBlob}
  0x000002db5236d798: ff66 90e8 

  0x000002db5236d79c: ; ImmutableOopMap {[48]=Oop [88]=NarrowOop }
                      ;*invokevirtual consume {reexecute=0 rethrow=0 return_oop=0}
                      ; - java.awt.EventDispatchThread::pumpOneEventForFilters@44 (line 194)
  0x000002db5236d79c: 403b adff 

  0x000002db5236d7a0: ;   {post_call_nop}
  0x000002db5236d7a0: 0f1f 8400 | 981d 0050 | ba95 ffff | ff48 8b6c | 2428 4889 

  0x000002db5236d7b4: ;   {runtime_call UncommonTrapBlob}
  0x000002db5236d7b4: 4424 30e8 

  0x000002db5236d7b8: ; ImmutableOopMap {rbp=Oop [48]=Oop [72]=NarrowOop [80]=Oop }
                      ;*astore {reexecute=0 rethrow=0 return_oop=0}
                      ; - java.awt.EventQueue::setCurrentEventAndMostRecentTimeImpl@176 (line 1236)
                      ; - java.awt.EventQueue::dispatchEventImpl@14 (line 722)
                      ; - java.awt.EventQueue::dispatchEvent@22 (line 702)
                      ; - java.awt.EventDispatchThread::pumpOneEventForFilters@81 (line 203)
  0x000002db5236d7b8: 243b adff 

  0x000002db5236d7bc: ;   {post_call_nop}
  0x000002db5236d7bc: 0f1f 8400 | b41d 0051 | 488b e8eb | 0348 8be8 | ba95 ffff | ff48 ff74 | 2440 488f | 4424 284c 
  0x000002db5236d7dc: 8b54 2448 | 4c89 5424 | 384c 8b54 | 2450 4c89 

  0x000002db5236d7ec: ;   {runtime_call UncommonTrapBlob}
  0x000002db5236d7ec: 5424 48e8 

  0x000002db5236d7f0: ; ImmutableOopMap {rbp=Oop [32]=Oop [40]=Oop [56]=Oop [72]=Oop [80]=Oop [88]=NarrowOop }
                      ;*astore {reexecute=0 rethrow=0 return_oop=0}
                      ; - jdk.internal.logger.LazyLoggers$LazyLoggerAccessor::platform@100 (line 212)
                      ; - jdk.internal.logger.LazyLoggers$LazyLoggerWrapper::platformProxy@4 (line 332)
                      ; - jdk.internal.logger.AbstractLoggerWrapper::isLoggable@1 (line 122)
                      ; - sun.util.logging.PlatformLogger::isLoggable@17 (line 340)
                      ; - java.awt.EventDispatchThread::pumpOneEventForFilters@57 (line 199)
  0x000002db5236d7f0: ec3a adff 

  0x000002db5236d7f4: ;   {post_call_nop}
  0x000002db5236d7f4: 0f1f 8400 | ec1d 0052 | 488b e848 | ff74 2420 | 488f 4424 | 30e9 9200 | 0000 448b 

  0x000002db5236d810: ;   {metadata('java/lang/InterruptedException')}
  0x000002db5236d810: 5808 4181 | fb10 2917 | 0174 e148 | 8be8 48ff | 7424 2048 | 8f44 2430 | eb5a 4889 | 6c24 30eb 
  0x000002db5236d830: 34eb 32eb | 3044 8b50 | 0841 bb00 | 0000 144d | 03da eb2e | 448b 5808 

  0x000002db5236d848: ;   {metadata('java/lang/InterruptedException')}
  0x000002db5236d848: 4181 fb10 | 2917 0174 | 4748 8be8 | eb2e 448b | 4008 41bb | 0000 0014 | 4d03 d8eb | 0d44 8b50 
  0x000002db5236d868: 0841 bb00 | 0000 144d 

  0x000002db5236d870: ;   {metadata('java/lang/InterruptedException')}
  0x000002db5236d870: 03da 49ba | 1029 1715 | 0000 0000 | 4d3b da74 | 1c48 8be8 | ba95 ffff 

  0x000002db5236d888: ;   {runtime_call UncommonTrapBlob}
  0x000002db5236d888: ff66 90e8 

  0x000002db5236d88c: ; ImmutableOopMap {rbp=Oop [48]=Oop }
                      ;*astore {reexecute=0 rethrow=0 return_oop=0}
                      ; - java.awt.EventDispatchThread::pumpOneEventForFilters@97 (line 209)
  0x000002db5236d88c: 503a adff 

  0x000002db5236d890: ;   {post_call_nop}
  0x000002db5236d890: 0f1f 8400 | 881e 0053 | 488b e8eb | 0348 8be8 | ba95 ffff 

  0x000002db5236d8a4: ;   {runtime_call UncommonTrapBlob}
  0x000002db5236d8a4: ff66 90e8 

  0x000002db5236d8a8: ; ImmutableOopMap {rbp=Oop [48]=Oop }
                      ;*astore {reexecute=0 rethrow=0 return_oop=0}
                      ; - java.awt.EventDispatchThread::pumpOneEventForFilters@87 (line 205)
  0x000002db5236d8a8: 343a adff 

  0x000002db5236d8ac: ;   {post_call_nop}
  0x000002db5236d8ac: 0f1f 8400 | a41e 0054 | 458b 1849 | c1e3 0349 | 83fb 000f | 84f5 e7ff | ff49 8b4f | 3848 85c9 
  0x000002db5236d8cc: 0f84 1400 | 0000 4883 | e908 4989 | 4f38 4903 | 4f40 4c89 | 19e9 d4e7 | ffff 4883 | ec50 4c89 
  0x000002db5236d8ec: 5424 484c | 8944 2440 | 4c89 4c24 | 3848 897c | 2430 4889 | 7424 2849 | 8bcb 498b 

  0x000002db5236d908: ;   {runtime_call}
  0x000002db5236d908: d748 b820 | 77f4 5bfb | 7f00 00ff | d048 8b74 | 2428 488b | 7c24 304c | 8b4c 2438 | 4c8b 4424 
  0x000002db5236d928: 404c 8b54 | 2448 c5f8 | 7748 83c4 | 50e9 80e7 | ffff f083 | 4424 c000 | 8039 000f | 84a8 e7ff 
  0x000002db5236d948: ffc6 0100 | 4d8b 5f50 | 4d85 db0f | 8414 0000 | 0049 83eb | 084d 895f | 504d 035f | 5849 890b 
  0x000002db5236d968: e984 e7ff | ff48 83ec | 404c 8954 | 2438 4c89 | 4c24 3048 | 897c 2428 | 4889 7424 | 2049 8bd7 
  0x000002db5236d988: ;   {runtime_call}
  0x000002db5236d988: 48b8 0077 | f45b fb7f | 0000 ffd0 | 488b 7424 | 2048 8b7c | 2428 4c8b | 4c24 304c | 8b54 2438 
  0x000002db5236d9a8: c5f8 7748 | 83c4 40e9 | 3de7 ffff | 448b 1949 | c1e3 0349 | 83fb 000f | 84cd e7ff | ff4d 8b47 
  0x000002db5236d9c8: 384d 85c0 | 0f84 1400 | 0000 4983 | e808 4d89 | 4738 4d03 | 4740 4d89 | 18e9 ace7 | ffff 4883 
  0x000002db5236d9e8: ec50 4c89 | 5424 484c | 894c 2440 | 4889 4c24 | 3848 897c | 2430 4889 | 7424 2848 | 8944 2420 
  0x000002db5236da08: 498b cb49 

  0x000002db5236da0c: ;   {runtime_call}
  0x000002db5236da0c: 8bd7 48b8 | 2077 f45b | fb7f 0000 | ffd0 488b | 4424 2048 | 8b74 2428 | 488b 7c24 | 3048 8b4c 
  0x000002db5236da2c: 2438 4c8b | 4c24 404c | 8b54 2448 | c5f8 7748 | 83c4 50e9 | 4ee7 ffff | f083 4424 | c000 4180 
  0x000002db5236da4c: 3800 0f84 | 76e7 ffff | 41c6 0000 | 4d8b 5f50 | 4d85 db0f | 8414 0000 | 0049 83eb | 084d 895f 
  0x000002db5236da6c: 504d 035f | 584d 8903 | e951 e7ff | ff48 83ec | 404c 8954 | 2438 4c89 | 4c24 3048 | 897c 2428 
  0x000002db5236da8c: 4889 7424 | 2049 8bc8 

  0x000002db5236da94: ;   {runtime_call}
  0x000002db5236da94: 498b d748 | b800 77f4 | 5bfb 7f00 | 00ff d048 | 8b74 2420 | 488b 7c24 | 284c 8b4c | 2430 4c8b 
  0x000002db5236dab4: 5424 38c5 | f877 4883 | c440 e907 | e7ff ff44 | 8b09 49c1 | e103 4983 | f900 0f84 | 83e7 ffff 
  0x000002db5236dad4: 4d8b 5738 | 4d85 d20f | 8414 0000 | 0049 83ea | 084d 8957 | 384d 0357 | 404d 890a | e962 e7ff 
  0x000002db5236daf4: ff48 83ec | 404c 895c | 2438 4c89 | 4424 3048 | 894c 2428 | 498b c949 

  0x000002db5236db0c: ;   {runtime_call}
  0x000002db5236db0c: 8bd7 48b8 | 2077 f45b | fb7f 0000 | ffd0 488b | 4c24 284c | 8b44 2430 | 4c8b 5c24 | 38c5 f877 
  0x000002db5236db2c: 4883 c440 | e922 e7ff | ff45 8b03 | 49c1 e003 | 4983 f800 | 0f84 76f1 | ffff 4d8b | 5738 4d85 
  0x000002db5236db4c: d20f 8414 | 0000 0049 | 83ea 084d | 8957 384d | 0357 404d | 8902 e955 | f1ff ff48 | 83ec 404c 
  0x000002db5236db6c: 895c 2438 | 4889 7c24 | 3048 8944 | 2428 498b | c849 8bd7 

  0x000002db5236db80: ;   {runtime_call}
  0x000002db5236db80: 48b8 2077 | f45b fb7f | 0000 ffd0 | 488b 4424 | 2848 8b7c | 2430 4c8b | 5c24 38c5 | f877 4883 
  0x000002db5236dba0: c440 e915 | f1ff fff0 | 8344 24c0 | 0041 803a | 000f 8447 | f1ff ff41 | c602 004d | 8b47 504d 
  0x000002db5236dbc0: 85c0 0f84 | 1400 0000 | 4983 e808 | 4d89 4750 | 4d03 4758 | 4d89 10e9 | 22f1 ffff | 4883 ec30 
  0x000002db5236dbe0: 4889 7c24 | 2849 8bca 

  0x000002db5236dbe8: ;   {runtime_call}
  0x000002db5236dbe8: 498b d748 | b800 77f4 | 5bfb 7f00 | 00ff d048 | 8b7c 2428 | c5f8 7748 | 83c4 30e9 | f6f0 ffff 
  0x000002db5236dc08: 458b 0349 | c1e0 0349 | 83f8 000f | 84b7 f1ff | ff4d 8b57 | 384d 85d2 | 0f84 1400 | 0000 4983 
  0x000002db5236dc28: ea08 4d89 | 5738 4d03 | 5740 4d89 | 02e9 96f1 | ffff 4883 | ec40 4c89 | 5c24 384c | 894c 2430 
  0x000002db5236dc48: 4889 4424 | 2849 8bc8 

  0x000002db5236dc50: ;   {runtime_call}
  0x000002db5236dc50: 498b d748 | b820 77f4 | 5bfb 7f00 | 00ff d048 | 8b44 2428 | 4c8b 4c24 | 304c 8b5c | 2438 c5f8 
  0x000002db5236dc70: 7748 83c4 | 40e9 56f1 | ffff f083 | 4424 c000 | 4180 3a00 | 0f84 88f1 | ffff 41c6 | 0200 4d8b 
  0x000002db5236dc90: 4750 4d85 | c00f 8414 | 0000 0049 | 83e8 084d | 8947 504d | 0347 584d | 8910 e963 | f1ff ff48 
  0x000002db5236dcb0: 83ec 304c | 894c 2428 | 498b ca49 

  0x000002db5236dcbc: ;   {runtime_call}
  0x000002db5236dcbc: 8bd7 48b8 | 0077 f45b | fb7f 0000 | ffd0 4c8b | 4c24 28c5 | f877 4883 | c430 e937 | f1ff ff41 
  0x000002db5236dcdc: 8387 d806 | 0000 08e9 | 31ef ffff | 4183 87d8 | 0600 0008 | e99e edff | ff41 8387 | d806 0000 
  0x000002db5236dcfc: 08e9 59ec | ffff 4183 | 87d8 0600 | 0008 e9b8 

  0x000002db5236dd0c: ;   {internal_word}
  0x000002db5236dd0c: eaff ff49 | ba07 c336 | 52db 0200 | 004d 8997 | e004 0000 

  0x000002db5236dd20: ;   {runtime_call SafepointBlob}
  0x000002db5236dd20: e93b 32a0 | ff41 8387 | d806 0000 | 08e9 37e1 | ffff 4183 | 87d8 0600 | 0008 e91b 

  0x000002db5236dd3c: ;   {runtime_call Stub::method_entry_barrier}
  0x000002db5236dd3c: dfff ffe8 | fc64 9eff | e9e5 ddff | fff4 f4f4 | f4f4 f4f4 
[Stub Code]
  0x000002db5236dd50: ;   {static_stub}
  0x000002db5236dd50: 48bb 0000 | 0000 0000 

  0x000002db5236dd58: ;   {runtime_call nmethod}
  0x000002db5236dd58: 0000 e9fb 

  0x000002db5236dd5c: ;   {static_stub}
  0x000002db5236dd5c: ffff ff48 | bb00 0000 | 0000 0000 

  0x000002db5236dd68: ;   {runtime_call nmethod}
  0x000002db5236dd68: 00e9 fbff 

  0x000002db5236dd6c: ;   {static_stub}
  0x000002db5236dd6c: ffff 48bb | 0000 0000 | 0000 0000 

  0x000002db5236dd78: ;   {runtime_call nmethod}
  0x000002db5236dd78: e9fb ffff 

  0x000002db5236dd7c: ;   {static_stub}
  0x000002db5236dd7c: ff48 bb00 | 0000 0000 

  0x000002db5236dd84: ;   {runtime_call nmethod}
  0x000002db5236dd84: 0000 00e9 | fbff ffff 

  0x000002db5236dd8c: ;   {static_stub}
  0x000002db5236dd8c: 48bb d01e | a062 db02 

  0x000002db5236dd94: ;   {runtime_call I2C/C2I adapters}
  0x000002db5236dd94: 0000 e997 

  0x000002db5236dd98: ;   {static_stub}
  0x000002db5236dd98: 26a0 ff48 | bb00 0000 | 0000 0000 

  0x000002db5236dda4: ;   {runtime_call nmethod}
  0x000002db5236dda4: 00e9 fbff 

  0x000002db5236dda8: ;   {static_stub}
  0x000002db5236dda8: ffff 48bb | 0000 0000 | 0000 0000 

  0x000002db5236ddb4: ;   {runtime_call nmethod}
  0x000002db5236ddb4: e9fb ffff 

  0x000002db5236ddb8: ;   {static_stub}
  0x000002db5236ddb8: ff48 bb00 | 0000 0000 

  0x000002db5236ddc0: ;   {runtime_call nmethod}
  0x000002db5236ddc0: 0000 00e9 | fbff ffff 

  0x000002db5236ddc8: ;   {static_stub}
  0x000002db5236ddc8: 48bb 0000 | 0000 0000 

  0x000002db5236ddd0: ;   {runtime_call nmethod}
  0x000002db5236ddd0: 0000 e9fb 

  0x000002db5236ddd4: ;   {static_stub}
  0x000002db5236ddd4: ffff ff48 | bb00 0000 | 0000 0000 

  0x000002db5236dde0: ;   {runtime_call nmethod}
  0x000002db5236dde0: 00e9 fbff 

  0x000002db5236dde4: ;   {static_stub}
  0x000002db5236dde4: ffff 48bb | 0000 0000 | 0000 0000 

  0x000002db5236ddf0: ;   {runtime_call nmethod}
  0x000002db5236ddf0: e9fb ffff 

  0x000002db5236ddf4: ;   {runtime_call ExceptionBlob}
  0x000002db5236ddf4: ffe9 e637 | adff e800 | 0000 0048 | 832c 2405 

  0x000002db5236de04: ;   {runtime_call DeoptimizationBlob}
  0x000002db5236de04: e957 34a0 | fff4 f4f4 | f4f4 f4f4 
[/MachCode]


---------------  P R O C E S S  ---------------

Threads class SMR info:
_java_thread_list=0x000002db664792f0, length=18, elements={
0x000002db61980690, 0x000002db61980e50, 0x000002db61986610, 0x000002db61987300,
0x000002db6198bcb0, 0x000002db619c1280, 0x000002db619c71a0, 0x000002db619c8340,
0x000002db61b9f7b0, 0x000002db61c35580, 0x000002db61c35d40, 0x000002db660bf400,
0x000002db66370f90, 0x000002db66371750, 0x000002db61df6220, 0x000002db3fb946f0,
0x000002db664b6680, 0x000002db6658a990
}

Java Threads: ( => current thread )
  0x000002db61980690 JavaThread "Reference Handler"          daemon [_thread_blocked, id=17852, stack(0x000000ecb4900000,0x000000ecb4a00000) (1024K)]
  0x000002db61980e50 JavaThread "Finalizer"                  daemon [_thread_blocked, id=3552, stack(0x000000ecb4a00000,0x000000ecb4b00000) (1024K)]
  0x000002db61986610 JavaThread "Signal Dispatcher"          daemon [_thread_blocked, id=9964, stack(0x000000ecb4b00000,0x000000ecb4c00000) (1024K)]
  0x000002db61987300 JavaThread "Attach Listener"            daemon [_thread_blocked, id=8084, stack(0x000000ecb4c00000,0x000000ecb4d00000) (1024K)]
  0x000002db6198bcb0 JavaThread "Service Thread"             daemon [_thread_blocked, id=7332, stack(0x000000ecb4d00000,0x000000ecb4e00000) (1024K)]
  0x000002db619c1280 JavaThread "Monitor Deflation Thread"   daemon [_thread_blocked, id=17792, stack(0x000000ecb4e00000,0x000000ecb4f00000) (1024K)]
  0x000002db619c71a0 JavaThread "C2 CompilerThread0"         daemon [_thread_blocked, id=2864, stack(0x000000ecb4f00000,0x000000ecb5000000) (1024K)]
  0x000002db619c8340 JavaThread "C1 CompilerThread0"         daemon [_thread_blocked, id=9368, stack(0x000000ecb5000000,0x000000ecb5100000) (1024K)]
  0x000002db61b9f7b0 JavaThread "Common-Cleaner"             daemon [_thread_blocked, id=13668, stack(0x000000ecb5100000,0x000000ecb5200000) (1024K)]
  0x000002db61c35580 JavaThread "Monitor Ctrl-Break"         daemon [_thread_in_native, id=10580, stack(0x000000ecb5300000,0x000000ecb5400000) (1024K)]
  0x000002db61c35d40 JavaThread "Notification Thread"        daemon [_thread_blocked, id=16476, stack(0x000000ecb5400000,0x000000ecb5500000) (1024K)]
  0x000002db660bf400 JavaThread "Java2D Disposer"            daemon [_thread_blocked, id=12200, stack(0x000000ecb5500000,0x000000ecb5600000) (1024K)]
  0x000002db66370f90 JavaThread "AWT-Shutdown"                      [_thread_blocked, id=16416, stack(0x000000ecb5600000,0x000000ecb5700000) (1024K)]
  0x000002db66371750 JavaThread "AWT-Windows"                daemon [_thread_in_native, id=2312, stack(0x000000ecb5700000,0x000000ecb5800000) (1024K)]
=>0x000002db61df6220 JavaThread "AWT-EventQueue-0"                  [_thread_in_native, id=18604, stack(0x000000ecb5800000,0x000000ecb5900000) (1024K)]
  0x000002db3fb946f0 JavaThread "DestroyJavaVM"                     [_thread_blocked, id=20156, stack(0x000000ecb4100000,0x000000ecb4200000) (1024K)]
  0x000002db664b6680 JavaThread "Thread-0"                          [_thread_in_native, id=6976, stack(0x000000ecb5900000,0x000000ecb5a00000) (1024K)]
  0x000002db6658a990 JavaThread "TimerQueue"                 daemon [_thread_blocked, id=16424, stack(0x000000ecb5d00000,0x000000ecb5e00000) (1024K)]
Total: 18

Other Threads:
  0x000002db6196b430 VMThread "VM Thread"                           [id=11492, stack(0x000000ecb4800000,0x000000ecb4900000) (1024K)]
  0x000002db6195ee30 WatcherThread "VM Periodic Task Thread"        [id=8628, stack(0x000000ecb4700000,0x000000ecb4800000) (1024K)]
  0x000002db41fc5090 WorkerThread "GC Thread#0"                     [id=2088, stack(0x000000ecb4200000,0x000000ecb4300000) (1024K)]
  0x000002db41fdda00 ConcurrentGCThread "G1 Main Marker"            [id=1816, stack(0x000000ecb4300000,0x000000ecb4400000) (1024K)]
  0x000002db41fdf3f0 WorkerThread "G1 Conc#0"                       [id=18684, stack(0x000000ecb4400000,0x000000ecb4500000) (1024K)]
  0x000002db61830080 ConcurrentGCThread "G1 Refine#0"               [id=16604, stack(0x000000ecb4500000,0x000000ecb4600000) (1024K)]
  0x000002db61830940 ConcurrentGCThread "G1 Service"                [id=8520, stack(0x000000ecb4600000,0x000000ecb4700000) (1024K)]
Total: 7

Threads with active compile tasks:
Total: 0

VM state: not at safepoint (normal execution)

VM Mutex/Monitor currently owned by a thread: None

Heap address: 0x0000000704e00000, size: 4018 MB, Compressed Oops mode: Zero based, Oop shift amount: 3

CDS archive(s) mapped at: [0x0000000014000000-0x0000000014dd0000-0x0000000014dd0000), size 14483456, SharedBaseAddress: 0x0000000014000000, ArchiveRelocationMode: 1.
Compressed class space mapped at: 0x0000000015000000-0x0000000055000000, reserved size: 1073741824
UseCompressedClassPointers 1, UseCompactObjectHeaders 0
Narrow klass pointer bits 32, Max shift 3
Narrow klass base: 0x0000000014000000, Narrow klass shift: 0
Encoding Range: [0x0000000014000000 - 0x0000000114000000), (4294967296 bytes)
Klass Range:    [0x0000000014010000 - 0x0000000055000000), (1090453504 bytes)
Klass ID Range:  [65536 - 1090519033) (1090453497)
Protection zone: [0x0000000014000000 - 0x0000000014010000), (65536 bytes)

GC Precious Log:
 CardTable entry size: 512
 Card Set container configuration: InlinePtr #cards 4 size 8 Array Of Cards #cards 16 size 48 Howl #buckets 8 coarsen threshold 3686 Howl Bitmap #cards 512 size 80 coarsen threshold 460 Card regions per heap region 1 cards per card region 4096
 CPUs: 12 total, 12 available
 Memory: 16068M
 Large Page Support: Disabled
 NUMA Support: Disabled
 Compressed Oops: Enabled (Zero based)
 Heap Region Size: 2M
 Heap Min Capacity: 8M
 Heap Initial Capacity: 252M
 Heap Max Capacity: 4018M
 Pre-touch: Disabled
 Parallel Workers: 10
 Concurrent Workers: 3
 Concurrent Refinement Workers: 10
 Periodic GC: Disabled

Heap:
 garbage-first heap   total reserved 4114432K, committed 260096K, used 42133K [0x0000000704e00000, 0x0000000800000000)
  region size 2048K, 18 young (36864K), 0 survivors (0K)

Heap Regions: E=young(eden), S=young(survivor), O=old, HS=humongous(starts), HC=humongous(continues), CS=collection set, F=free, TAMS=top-at-mark-start, PB=parsable bottom
|   0|0x0000000704e00000, 0x0000000705000000, 0x0000000705000000|100%|HS|  |TAMS 0x0000000704e00000| PB 0x0000000704e00000| Complete |  0
|   1|0x0000000705000000, 0x0000000705200000, 0x0000000705200000|100%|HC|  |TAMS 0x0000000705000000| PB 0x0000000705000000| Complete |  0
|   2|0x0000000705200000, 0x0000000705400000, 0x0000000705400000|100%|HC|  |TAMS 0x0000000705200000| PB 0x0000000705200000| Complete |  0
|   3|0x0000000705400000, 0x0000000705400000, 0x0000000705600000|  0%| F|  |TAMS 0x0000000705400000| PB 0x0000000705400000| Untracked |  0
|   4|0x0000000705600000, 0x0000000705600000, 0x0000000705800000|  0%| F|  |TAMS 0x0000000705600000| PB 0x0000000705600000| Untracked |  0
|   5|0x0000000705800000, 0x0000000705800000, 0x0000000705a00000|  0%| F|  |TAMS 0x0000000705800000| PB 0x0000000705800000| Untracked |  0
|   6|0x0000000705a00000, 0x0000000705a00000, 0x0000000705c00000|  0%| F|  |TAMS 0x0000000705a00000| PB 0x0000000705a00000| Untracked |  0
|   7|0x0000000705c00000, 0x0000000705c00000, 0x0000000705e00000|  0%| F|  |TAMS 0x0000000705c00000| PB 0x0000000705c00000| Untracked |  0
|   8|0x0000000705e00000, 0x0000000705e00000, 0x0000000706000000|  0%| F|  |TAMS 0x0000000705e00000| PB 0x0000000705e00000| Untracked |  0
|   9|0x0000000706000000, 0x0000000706000000, 0x0000000706200000|  0%| F|  |TAMS 0x0000000706000000| PB 0x0000000706000000| Untracked |  0
|  10|0x0000000706200000, 0x0000000706200000, 0x0000000706400000|  0%| F|  |TAMS 0x0000000706200000| PB 0x0000000706200000| Untracked |  0
|  11|0x0000000706400000, 0x0000000706400000, 0x0000000706600000|  0%| F|  |TAMS 0x0000000706400000| PB 0x0000000706400000| Untracked |  0
|  12|0x0000000706600000, 0x0000000706600000, 0x0000000706800000|  0%| F|  |TAMS 0x0000000706600000| PB 0x0000000706600000| Untracked |  0
|  13|0x0000000706800000, 0x0000000706800000, 0x0000000706a00000|  0%| F|  |TAMS 0x0000000706800000| PB 0x0000000706800000| Untracked |  0
|  14|0x0000000706a00000, 0x0000000706a00000, 0x0000000706c00000|  0%| F|  |TAMS 0x0000000706a00000| PB 0x0000000706a00000| Untracked |  0
|  15|0x0000000706c00000, 0x0000000706c00000, 0x0000000706e00000|  0%| F|  |TAMS 0x0000000706c00000| PB 0x0000000706c00000| Untracked |  0
|  16|0x0000000706e00000, 0x0000000706e00000, 0x0000000707000000|  0%| F|  |TAMS 0x0000000706e00000| PB 0x0000000706e00000| Untracked |  0
|  17|0x0000000707000000, 0x0000000707000000, 0x0000000707200000|  0%| F|  |TAMS 0x0000000707000000| PB 0x0000000707000000| Untracked |  0
|  18|0x0000000707200000, 0x0000000707200000, 0x0000000707400000|  0%| F|  |TAMS 0x0000000707200000| PB 0x0000000707200000| Untracked |  0
|  19|0x0000000707400000, 0x0000000707400000, 0x0000000707600000|  0%| F|  |TAMS 0x0000000707400000| PB 0x0000000707400000| Untracked |  0
|  20|0x0000000707600000, 0x0000000707600000, 0x0000000707800000|  0%| F|  |TAMS 0x0000000707600000| PB 0x0000000707600000| Untracked |  0
|  21|0x0000000707800000, 0x0000000707800000, 0x0000000707a00000|  0%| F|  |TAMS 0x0000000707800000| PB 0x0000000707800000| Untracked |  0
|  22|0x0000000707a00000, 0x0000000707a00000, 0x0000000707c00000|  0%| F|  |TAMS 0x0000000707a00000| PB 0x0000000707a00000| Untracked |  0
|  23|0x0000000707c00000, 0x0000000707c00000, 0x0000000707e00000|  0%| F|  |TAMS 0x0000000707c00000| PB 0x0000000707c00000| Untracked |  0
|  24|0x0000000707e00000, 0x0000000707e00000, 0x0000000708000000|  0%| F|  |TAMS 0x0000000707e00000| PB 0x0000000707e00000| Untracked |  0
|  25|0x0000000708000000, 0x0000000708000000, 0x0000000708200000|  0%| F|  |TAMS 0x0000000708000000| PB 0x0000000708000000| Untracked |  0
|  26|0x0000000708200000, 0x0000000708200000, 0x0000000708400000|  0%| F|  |TAMS 0x0000000708200000| PB 0x0000000708200000| Untracked |  0
|  27|0x0000000708400000, 0x0000000708400000, 0x0000000708600000|  0%| F|  |TAMS 0x0000000708400000| PB 0x0000000708400000| Untracked |  0
|  28|0x0000000708600000, 0x0000000708600000, 0x0000000708800000|  0%| F|  |TAMS 0x0000000708600000| PB 0x0000000708600000| Untracked |  0
|  29|0x0000000708800000, 0x0000000708800000, 0x0000000708a00000|  0%| F|  |TAMS 0x0000000708800000| PB 0x0000000708800000| Untracked |  0
|  30|0x0000000708a00000, 0x0000000708a00000, 0x0000000708c00000|  0%| F|  |TAMS 0x0000000708a00000| PB 0x0000000708a00000| Untracked |  0
|  31|0x0000000708c00000, 0x0000000708c00000, 0x0000000708e00000|  0%| F|  |TAMS 0x0000000708c00000| PB 0x0000000708c00000| Untracked |  0
|  32|0x0000000708e00000, 0x0000000708e00000, 0x0000000709000000|  0%| F|  |TAMS 0x0000000708e00000| PB 0x0000000708e00000| Untracked |  0
|  33|0x0000000709000000, 0x0000000709000000, 0x0000000709200000|  0%| F|  |TAMS 0x0000000709000000| PB 0x0000000709000000| Untracked |  0
|  34|0x0000000709200000, 0x0000000709200000, 0x0000000709400000|  0%| F|  |TAMS 0x0000000709200000| PB 0x0000000709200000| Untracked |  0
|  35|0x0000000709400000, 0x0000000709400000, 0x0000000709600000|  0%| F|  |TAMS 0x0000000709400000| PB 0x0000000709400000| Untracked |  0
|  36|0x0000000709600000, 0x0000000709600000, 0x0000000709800000|  0%| F|  |TAMS 0x0000000709600000| PB 0x0000000709600000| Untracked |  0
|  37|0x0000000709800000, 0x0000000709800000, 0x0000000709a00000|  0%| F|  |TAMS 0x0000000709800000| PB 0x0000000709800000| Untracked |  0
|  38|0x0000000709a00000, 0x0000000709a00000, 0x0000000709c00000|  0%| F|  |TAMS 0x0000000709a00000| PB 0x0000000709a00000| Untracked |  0
|  39|0x0000000709c00000, 0x0000000709c00000, 0x0000000709e00000|  0%| F|  |TAMS 0x0000000709c00000| PB 0x0000000709c00000| Untracked |  0
|  40|0x0000000709e00000, 0x0000000709e00000, 0x000000070a000000|  0%| F|  |TAMS 0x0000000709e00000| PB 0x0000000709e00000| Untracked |  0
|  41|0x000000070a000000, 0x000000070a000000, 0x000000070a200000|  0%| F|  |TAMS 0x000000070a000000| PB 0x000000070a000000| Untracked |  0
|  42|0x000000070a200000, 0x000000070a200000, 0x000000070a400000|  0%| F|  |TAMS 0x000000070a200000| PB 0x000000070a200000| Untracked |  0
|  43|0x000000070a400000, 0x000000070a400000, 0x000000070a600000|  0%| F|  |TAMS 0x000000070a400000| PB 0x000000070a400000| Untracked |  0
|  44|0x000000070a600000, 0x000000070a600000, 0x000000070a800000|  0%| F|  |TAMS 0x000000070a600000| PB 0x000000070a600000| Untracked |  0
|  45|0x000000070a800000, 0x000000070a800000, 0x000000070aa00000|  0%| F|  |TAMS 0x000000070a800000| PB 0x000000070a800000| Untracked |  0
|  46|0x000000070aa00000, 0x000000070aa00000, 0x000000070ac00000|  0%| F|  |TAMS 0x000000070aa00000| PB 0x000000070aa00000| Untracked |  0
|  47|0x000000070ac00000, 0x000000070ac00000, 0x000000070ae00000|  0%| F|  |TAMS 0x000000070ac00000| PB 0x000000070ac00000| Untracked |  0
|  48|0x000000070ae00000, 0x000000070ae00000, 0x000000070b000000|  0%| F|  |TAMS 0x000000070ae00000| PB 0x000000070ae00000| Untracked |  0
|  49|0x000000070b000000, 0x000000070b000000, 0x000000070b200000|  0%| F|  |TAMS 0x000000070b000000| PB 0x000000070b000000| Untracked |  0
|  50|0x000000070b200000, 0x000000070b200000, 0x000000070b400000|  0%| F|  |TAMS 0x000000070b200000| PB 0x000000070b200000| Untracked |  0
|  51|0x000000070b400000, 0x000000070b400000, 0x000000070b600000|  0%| F|  |TAMS 0x000000070b400000| PB 0x000000070b400000| Untracked |  0
|  52|0x000000070b600000, 0x000000070b600000, 0x000000070b800000|  0%| F|  |TAMS 0x000000070b600000| PB 0x000000070b600000| Untracked |  0
|  53|0x000000070b800000, 0x000000070b800000, 0x000000070ba00000|  0%| F|  |TAMS 0x000000070b800000| PB 0x000000070b800000| Untracked |  0
|  54|0x000000070ba00000, 0x000000070ba00000, 0x000000070bc00000|  0%| F|  |TAMS 0x000000070ba00000| PB 0x000000070ba00000| Untracked |  0
|  55|0x000000070bc00000, 0x000000070bc00000, 0x000000070be00000|  0%| F|  |TAMS 0x000000070bc00000| PB 0x000000070bc00000| Untracked |  0
|  56|0x000000070be00000, 0x000000070be00000, 0x000000070c000000|  0%| F|  |TAMS 0x000000070be00000| PB 0x000000070be00000| Untracked |  0
|  57|0x000000070c000000, 0x000000070c000000, 0x000000070c200000|  0%| F|  |TAMS 0x000000070c000000| PB 0x000000070c000000| Untracked |  0
|  58|0x000000070c200000, 0x000000070c200000, 0x000000070c400000|  0%| F|  |TAMS 0x000000070c200000| PB 0x000000070c200000| Untracked |  0
|  59|0x000000070c400000, 0x000000070c400000, 0x000000070c600000|  0%| F|  |TAMS 0x000000070c400000| PB 0x000000070c400000| Untracked |  0
|  60|0x000000070c600000, 0x000000070c600000, 0x000000070c800000|  0%| F|  |TAMS 0x000000070c600000| PB 0x000000070c600000| Untracked |  0
|  61|0x000000070c800000, 0x000000070c800000, 0x000000070ca00000|  0%| F|  |TAMS 0x000000070c800000| PB 0x000000070c800000| Untracked |  0
|  62|0x000000070ca00000, 0x000000070ca00000, 0x000000070cc00000|  0%| F|  |TAMS 0x000000070ca00000| PB 0x000000070ca00000| Untracked |  0
|  63|0x000000070cc00000, 0x000000070cc00000, 0x000000070ce00000|  0%| F|  |TAMS 0x000000070cc00000| PB 0x000000070cc00000| Untracked |  0
|  64|0x000000070ce00000, 0x000000070ce00000, 0x000000070d000000|  0%| F|  |TAMS 0x000000070ce00000| PB 0x000000070ce00000| Untracked |  0
|  65|0x000000070d000000, 0x000000070d000000, 0x000000070d200000|  0%| F|  |TAMS 0x000000070d000000| PB 0x000000070d000000| Untracked |  0
|  66|0x000000070d200000, 0x000000070d200000, 0x000000070d400000|  0%| F|  |TAMS 0x000000070d200000| PB 0x000000070d200000| Untracked |  0
|  67|0x000000070d400000, 0x000000070d400000, 0x000000070d600000|  0%| F|  |TAMS 0x000000070d400000| PB 0x000000070d400000| Untracked |  0
|  68|0x000000070d600000, 0x000000070d600000, 0x000000070d800000|  0%| F|  |TAMS 0x000000070d600000| PB 0x000000070d600000| Untracked |  0
|  69|0x000000070d800000, 0x000000070d800000, 0x000000070da00000|  0%| F|  |TAMS 0x000000070d800000| PB 0x000000070d800000| Untracked |  0
|  70|0x000000070da00000, 0x000000070da00000, 0x000000070dc00000|  0%| F|  |TAMS 0x000000070da00000| PB 0x000000070da00000| Untracked |  0
|  71|0x000000070dc00000, 0x000000070dc00000, 0x000000070de00000|  0%| F|  |TAMS 0x000000070dc00000| PB 0x000000070dc00000| Untracked |  0
|  72|0x000000070de00000, 0x000000070de00000, 0x000000070e000000|  0%| F|  |TAMS 0x000000070de00000| PB 0x000000070de00000| Untracked |  0
|  73|0x000000070e000000, 0x000000070e000000, 0x000000070e200000|  0%| F|  |TAMS 0x000000070e000000| PB 0x000000070e000000| Untracked |  0
|  74|0x000000070e200000, 0x000000070e200000, 0x000000070e400000|  0%| F|  |TAMS 0x000000070e200000| PB 0x000000070e200000| Untracked |  0
|  75|0x000000070e400000, 0x000000070e400000, 0x000000070e600000|  0%| F|  |TAMS 0x000000070e400000| PB 0x000000070e400000| Untracked |  0
|  76|0x000000070e600000, 0x000000070e600000, 0x000000070e800000|  0%| F|  |TAMS 0x000000070e600000| PB 0x000000070e600000| Untracked |  0
|  77|0x000000070e800000, 0x000000070e800000, 0x000000070ea00000|  0%| F|  |TAMS 0x000000070e800000| PB 0x000000070e800000| Untracked |  0
|  78|0x000000070ea00000, 0x000000070ea00000, 0x000000070ec00000|  0%| F|  |TAMS 0x000000070ea00000| PB 0x000000070ea00000| Untracked |  0
|  79|0x000000070ec00000, 0x000000070ec00000, 0x000000070ee00000|  0%| F|  |TAMS 0x000000070ec00000| PB 0x000000070ec00000| Untracked |  0
|  80|0x000000070ee00000, 0x000000070ee00000, 0x000000070f000000|  0%| F|  |TAMS 0x000000070ee00000| PB 0x000000070ee00000| Untracked |  0
|  81|0x000000070f000000, 0x000000070f000000, 0x000000070f200000|  0%| F|  |TAMS 0x000000070f000000| PB 0x000000070f000000| Untracked |  0
|  82|0x000000070f200000, 0x000000070f200000, 0x000000070f400000|  0%| F|  |TAMS 0x000000070f200000| PB 0x000000070f200000| Untracked |  0
|  83|0x000000070f400000, 0x000000070f400000, 0x000000070f600000|  0%| F|  |TAMS 0x000000070f400000| PB 0x000000070f400000| Untracked |  0
|  84|0x000000070f600000, 0x000000070f600000, 0x000000070f800000|  0%| F|  |TAMS 0x000000070f600000| PB 0x000000070f600000| Untracked |  0
|  85|0x000000070f800000, 0x000000070f800000, 0x000000070fa00000|  0%| F|  |TAMS 0x000000070f800000| PB 0x000000070f800000| Untracked |  0
|  86|0x000000070fa00000, 0x000000070fa00000, 0x000000070fc00000|  0%| F|  |TAMS 0x000000070fa00000| PB 0x000000070fa00000| Untracked |  0
|  87|0x000000070fc00000, 0x000000070fc00000, 0x000000070fe00000|  0%| F|  |TAMS 0x000000070fc00000| PB 0x000000070fc00000| Untracked |  0
|  88|0x000000070fe00000, 0x000000070fe00000, 0x0000000710000000|  0%| F|  |TAMS 0x000000070fe00000| PB 0x000000070fe00000| Untracked |  0
|  89|0x0000000710000000, 0x0000000710000000, 0x0000000710200000|  0%| F|  |TAMS 0x0000000710000000| PB 0x0000000710000000| Untracked |  0
|  90|0x0000000710200000, 0x0000000710200000, 0x0000000710400000|  0%| F|  |TAMS 0x0000000710200000| PB 0x0000000710200000| Untracked |  0
|  91|0x0000000710400000, 0x0000000710400000, 0x0000000710600000|  0%| F|  |TAMS 0x0000000710400000| PB 0x0000000710400000| Untracked |  0
|  92|0x0000000710600000, 0x0000000710600000, 0x0000000710800000|  0%| F|  |TAMS 0x0000000710600000| PB 0x0000000710600000| Untracked |  0
|  93|0x0000000710800000, 0x0000000710800000, 0x0000000710a00000|  0%| F|  |TAMS 0x0000000710800000| PB 0x0000000710800000| Untracked |  0
|  94|0x0000000710a00000, 0x0000000710a00000, 0x0000000710c00000|  0%| F|  |TAMS 0x0000000710a00000| PB 0x0000000710a00000| Untracked |  0
|  95|0x0000000710c00000, 0x0000000710c00000, 0x0000000710e00000|  0%| F|  |TAMS 0x0000000710c00000| PB 0x0000000710c00000| Untracked |  0
|  96|0x0000000710e00000, 0x0000000710e00000, 0x0000000711000000|  0%| F|  |TAMS 0x0000000710e00000| PB 0x0000000710e00000| Untracked |  0
|  97|0x0000000711000000, 0x0000000711000000, 0x0000000711200000|  0%| F|  |TAMS 0x0000000711000000| PB 0x0000000711000000| Untracked |  0
|  98|0x0000000711200000, 0x0000000711200000, 0x0000000711400000|  0%| F|  |TAMS 0x0000000711200000| PB 0x0000000711200000| Untracked |  0
|  99|0x0000000711400000, 0x0000000711400000, 0x0000000711600000|  0%| F|  |TAMS 0x0000000711400000| PB 0x0000000711400000| Untracked |  0
| 100|0x0000000711600000, 0x0000000711600000, 0x0000000711800000|  0%| F|  |TAMS 0x0000000711600000| PB 0x0000000711600000| Untracked |  0
| 101|0x0000000711800000, 0x0000000711800000, 0x0000000711a00000|  0%| F|  |TAMS 0x0000000711800000| PB 0x0000000711800000| Untracked |  0
| 102|0x0000000711a00000, 0x0000000711a00000, 0x0000000711c00000|  0%| F|  |TAMS 0x0000000711a00000| PB 0x0000000711a00000| Untracked |  0
| 103|0x0000000711c00000, 0x0000000711c00000, 0x0000000711e00000|  0%| F|  |TAMS 0x0000000711c00000| PB 0x0000000711c00000| Untracked |  0
| 104|0x0000000711e00000, 0x0000000711e00000, 0x0000000712000000|  0%| F|  |TAMS 0x0000000711e00000| PB 0x0000000711e00000| Untracked |  0
| 105|0x0000000712000000, 0x0000000712000000, 0x0000000712200000|  0%| F|  |TAMS 0x0000000712000000| PB 0x0000000712000000| Untracked |  0
| 106|0x0000000712200000, 0x0000000712200000, 0x0000000712400000|  0%| F|  |TAMS 0x0000000712200000| PB 0x0000000712200000| Untracked |  0
| 107|0x0000000712400000, 0x0000000712400000, 0x0000000712600000|  0%| F|  |TAMS 0x0000000712400000| PB 0x0000000712400000| Untracked |  0
| 108|0x0000000712600000, 0x00000007127eb8a8, 0x0000000712800000| 96%| E|  |TAMS 0x0000000712600000| PB 0x0000000712600000| Complete |  0
| 109|0x0000000712800000, 0x0000000712a00000, 0x0000000712a00000|100%| E|CS|TAMS 0x0000000712800000| PB 0x0000000712800000| Complete |  0
| 110|0x0000000712a00000, 0x0000000712c00000, 0x0000000712c00000|100%| E|CS|TAMS 0x0000000712a00000| PB 0x0000000712a00000| Complete |  0
| 111|0x0000000712c00000, 0x0000000712e00000, 0x0000000712e00000|100%| E|CS|TAMS 0x0000000712c00000| PB 0x0000000712c00000| Complete |  0
| 112|0x0000000712e00000, 0x0000000713000000, 0x0000000713000000|100%| E|CS|TAMS 0x0000000712e00000| PB 0x0000000712e00000| Complete |  0
| 113|0x0000000713000000, 0x0000000713200000, 0x0000000713200000|100%| E|CS|TAMS 0x0000000713000000| PB 0x0000000713000000| Complete |  0
| 114|0x0000000713200000, 0x0000000713400000, 0x0000000713400000|100%| E|CS|TAMS 0x0000000713200000| PB 0x0000000713200000| Complete |  0
| 115|0x0000000713400000, 0x0000000713600000, 0x0000000713600000|100%| E|CS|TAMS 0x0000000713400000| PB 0x0000000713400000| Complete |  0
| 116|0x0000000713600000, 0x0000000713800000, 0x0000000713800000|100%| E|CS|TAMS 0x0000000713600000| PB 0x0000000713600000| Complete |  0
| 117|0x0000000713800000, 0x0000000713a00000, 0x0000000713a00000|100%| E|CS|TAMS 0x0000000713800000| PB 0x0000000713800000| Complete |  0
| 118|0x0000000713a00000, 0x0000000713c00000, 0x0000000713c00000|100%| E|CS|TAMS 0x0000000713a00000| PB 0x0000000713a00000| Complete |  0
| 119|0x0000000713c00000, 0x0000000713e00000, 0x0000000713e00000|100%| E|CS|TAMS 0x0000000713c00000| PB 0x0000000713c00000| Complete |  0
| 120|0x0000000713e00000, 0x0000000714000000, 0x0000000714000000|100%| E|CS|TAMS 0x0000000713e00000| PB 0x0000000713e00000| Complete |  0
| 121|0x0000000714000000, 0x0000000714200000, 0x0000000714200000|100%| E|CS|TAMS 0x0000000714000000| PB 0x0000000714000000| Complete |  0
| 122|0x0000000714200000, 0x0000000714400000, 0x0000000714400000|100%| E|CS|TAMS 0x0000000714200000| PB 0x0000000714200000| Complete |  0
| 123|0x0000000714400000, 0x0000000714600000, 0x0000000714600000|100%| E|CS|TAMS 0x0000000714400000| PB 0x0000000714400000| Complete |  0
| 124|0x0000000714600000, 0x0000000714800000, 0x0000000714800000|100%| E|CS|TAMS 0x0000000714600000| PB 0x0000000714600000| Complete |  0
| 125|0x0000000714800000, 0x0000000714a00000, 0x0000000714a00000|100%| E|CS|TAMS 0x0000000714800000| PB 0x0000000714800000| Complete |  0
|2008|0x00000007ffe00000, 0x00000007fff257b8, 0x0000000800000000| 57%| O|  |TAMS 0x00000007ffe00000| PB 0x00000007ffe00000| Untracked |  0

Card table byte_map: [0x000002db5a630000,0x000002db5ae10000] _byte_map_base: 0x000002db56e09000

Marking Bits: (CMBitMap*) 0x000002db41fc5820
 Bits: [0x000002db5ae10000, 0x000002db5ecd8000)

Polling page: 0x000002db3fdc0000

Metaspace:
Metaspace        used 12225K, committed 12480K, reserved 1114112K
 class space     used 1324K, committed 1408K, reserved 1048576K

Usage:
  Non-class:     10.65 MB used.
      Class:      1.29 MB used.
       Both:     11.94 MB used.

Virtual space:
  Non-class space:       64.00 MB reserved,      10.81 MB ( 17%) committed,  1 nodes.
      Class space:        1.00 GB reserved,       1.38 MB ( <1%) committed,  1 nodes.
             Both:        1.06 GB reserved,      12.19 MB (  1%) committed. 

Chunk freelists:
   Non-Class:  4.98 MB
       Class:  14.58 MB
        Both:  19.57 MB

MaxMetaspaceSize: unlimited
CompressedClassSpaceSize: 1.00 GB
Initial GC threshold: 21.00 MB
Current GC threshold: 21.00 MB
CDS: on
 - commit_granule_bytes: 65536.
 - commit_granule_words: 8192.
 - virtual_space_node_default_size: 8388608.
 - enlarge_chunks_in_place: 1.
UseCompressedClassPointers 1, UseCompactObjectHeaders 0
Narrow klass pointer bits 32, Max shift 3
Narrow klass base: 0x0000000014000000, Narrow klass shift: 0
Encoding Range: [0x0000000014000000 - 0x0000000114000000), (4294967296 bytes)
Klass Range:    [0x0000000014010000 - 0x0000000055000000), (1090453504 bytes)
Klass ID Range:  [65536 - 1090519033) (1090453497)
Protection zone: [0x0000000014000000 - 0x0000000014010000), (65536 bytes)


Internal statistics:

num_allocs_failed_limit: 0.
num_arena_births: 158.
num_arena_deaths: 0.
num_vsnodes_births: 2.
num_vsnodes_deaths: 0.
num_space_committed: 195.
num_space_uncommitted: 0.
num_chunks_returned_to_freelist: 0.
num_chunks_taken_from_freelist: 242.
num_chunk_merges: 0.
num_chunk_splits: 147.
num_chunks_enlarged: 75.
num_inconsistent_stats: 0.

CodeHeap 'non-profiled nmethods': size=120064Kb used=963Kb max_used=963Kb free=119100Kb
 bounds [0x000002db522b0000, 0x000002db52520000, 0x000002db597f0000]
CodeHeap 'profiled nmethods': size=120000Kb used=4551Kb max_used=4551Kb free=115449Kb
 bounds [0x000002db4a7f0000, 0x000002db4ac70000, 0x000002db51d20000]
CodeHeap 'non-nmethods': size=5696Kb used=1578Kb max_used=1667Kb free=4117Kb
 bounds [0x000002db51d20000, 0x000002db51f90000, 0x000002db522b0000]
CodeCache: size=245760Kb, used=7092Kb, max_used=7181Kb, free=238666Kb
 total_blobs=3641, nmethods=2926, adapters=617, full_count=0
Compilation: enabled, stopped_count=0, restarted_count=0

Compilation events (20 events):
Event: 588.275 Thread 0x000002db619c71a0 2918       4       java.awt.Component::eventTypeEnabled (487 bytes)
Event: 588.276 Thread 0x000002db619c71a0 nmethod 2918 0x000002db5239ff08 code [0x000002db523a0000, 0x000002db523a0368]
Event: 588.361 Thread 0x000002db619c71a0 2919       4       sun.awt.windows.WComponentPeer::handleEvent (173 bytes)
Event: 588.364 Thread 0x000002db619c71a0 nmethod 2919 0x000002db523a0388 code [0x000002db523a0480, 0x000002db523a09f8]
Event: 588.596 Thread 0x000002db619c8340 2920       3       java.util.Locale::forLanguageTag (82 bytes)
Event: 588.597 Thread 0x000002db619c8340 nmethod 2920 0x000002db4ac5ae08 code [0x000002db4ac5af00, 0x000002db4ac5bb80]
Event: 588.597 Thread 0x000002db619c8340 2921       3       java.text.ParsePosition::<init> (20 bytes)
Event: 588.597 Thread 0x000002db619c8340 nmethod 2921 0x000002db4ac5bb88 code [0x000002db4ac5bc80, 0x000002db4ac5bdf8]
Event: 588.597 Thread 0x000002db619c8340 2922       3       sun.util.locale.StringTokenIterator::<init> (51 bytes)
Event: 588.597 Thread 0x000002db619c8340 nmethod 2922 0x000002db4ac5be88 code [0x000002db4ac5bf80, 0x000002db4ac5c9c8]
Event: 588.599 Thread 0x000002db619c71a0 2923       4       java.awt.AWTKeyStroke::hashCode (36 bytes)
Event: 588.599 Thread 0x000002db619c8340 2924  s    3       java.awt.KeyboardFocusManager::getMostRecentFocusOwner (29 bytes)
Event: 588.599 Thread 0x000002db619c71a0 nmethod 2923 0x000002db523a0a08 code [0x000002db523a0b00, 0x000002db523a0bb0]
Event: 588.599 Thread 0x000002db619c8340 nmethod 2924 0x000002db4ac5ca08 code [0x000002db4ac5cb00, 0x000002db4ac5d0c8]
Event: 588.606 Thread 0x000002db619c8340 2925       3       javax.swing.text.PlainView::paint (488 bytes)
Event: 588.608 Thread 0x000002db619c8340 nmethod 2925 0x000002db4ac5d108 code [0x000002db4ac5d200, 0x000002db4ac60410]
Event: 588.608 Thread 0x000002db619c8340 2926   !   3       javax.swing.text.DefaultCaret::paint (328 bytes)
Event: 588.608 Thread 0x000002db619c8340 nmethod 2926 0x000002db4ac60488 code [0x000002db4ac60580, 0x000002db4ac618d0]
Event: 783.143 Thread 0x000002db619c8340 2927       3       jdk.internal.misc.Unsafe::storeFence (5 bytes)
Event: 783.143 Thread 0x000002db619c8340 nmethod 2927 0x000002db4ac61908 code [0x000002db4ac61a00, 0x000002db4ac61ba0]

GC Heap Usage History (0 events):
No events

Metaspace Usage History (0 events):
No events

Dll operation events (11 events):
Event: 0.011 Loaded shared library E:\python\jdk-25.0.2\bin\java.dll
Event: 0.062 Loaded shared library E:\python\jdk-25.0.2\bin\zip.dll
Event: 0.065 Loaded shared library E:\python\jdk-25.0.2\bin\instrument.dll
Event: 0.068 Loaded shared library E:\python\jdk-25.0.2\bin\net.dll
Event: 0.069 Loaded shared library E:\python\jdk-25.0.2\bin\nio.dll
Event: 0.073 Loaded shared library E:\python\jdk-25.0.2\bin\zip.dll
Event: 0.095 Loaded shared library E:\python\jdk-25.0.2\bin\jimage.dll
Event: 0.095 Loaded shared library E:\python\jdk-25.0.2\bin\extnet.dll
Event: 0.192 Loaded shared library E:\python\jdk-25.0.2\bin\awt.dll
Event: 0.490 Loaded shared library E:\python\jdk-25.0.2\bin\freetype.dll
Event: 0.520 Loaded shared library E:\python\jdk-25.0.2\bin\fontmanager.dll

Deoptimization events (20 events):
Event: 30.112 Thread 0x000002db61df6220 DEOPT PACKING pc=0x000002db4a9ffb12 sp=0x000000ecb58fd730
Event: 30.112 Thread 0x000002db61df6220 DEOPT UNPACKING pc=0x000002db51d71702 sp=0x000000ecb58fcbf0 mode 0
Event: 36.632 Thread 0x000002db61df6220 Uncommon trap: trap_request=0xffffff66 fr.pc=0x000002db523613f0 relative=0x00000000000005f0
Event: 36.632 Thread 0x000002db61df6220 Uncommon trap: reason=loop_limit_check action=maybe_recompile pc=0x000002db523613f0 method=java.awt.EventDispatchThread.filterAndCheckEvent(Ljava/awt/AWTEvent;)Z @ 22 c2
Event: 36.632 Thread 0x000002db61df6220 DEOPT PACKING pc=0x000002db523613f0 sp=0x000000ecb58ff2b0
Event: 36.632 Thread 0x000002db61df6220 DEOPT UNPACKING pc=0x000002db51e41382 sp=0x000000ecb58ff250 mode 2
Event: 45.740 Thread 0x000002db61df6220 DEOPT PACKING pc=0x000002db4aa66c20 sp=0x000000ecb58fdc20
Event: 45.740 Thread 0x000002db61df6220 DEOPT UNPACKING pc=0x000002db51d71702 sp=0x000000ecb58fd0e0 mode 0
Event: 46.135 Thread 0x000002db61df6220 DEOPT PACKING pc=0x000002db4aa4c3af sp=0x000000ecb58ff110
Event: 46.135 Thread 0x000002db61df6220 DEOPT UNPACKING pc=0x000002db51d71702 sp=0x000000ecb58fe5a0 mode 0
Event: 72.121 Thread 0x000002db61df6220 Uncommon trap: trap_request=0xffffff45 fr.pc=0x000002db5236f458 relative=0x0000000000000758
Event: 72.121 Thread 0x000002db61df6220 Uncommon trap: reason=unstable_if action=reinterpret pc=0x000002db5236f458 method=sun.awt.GlobalCursorManager._updateCursor(Z)V @ 37 c2
Event: 72.121 Thread 0x000002db61df6220 DEOPT PACKING pc=0x000002db5236f458 sp=0x000000ecb58ff100
Event: 72.121 Thread 0x000002db61df6220 DEOPT UNPACKING pc=0x000002db51e41382 sp=0x000000ecb58ff0b0 mode 2
Event: 74.778 Thread 0x000002db61df6220 Uncommon trap: trap_request=0xffffff66 fr.pc=0x000002db5239095c relative=0x000000000000025c
Event: 74.778 Thread 0x000002db61df6220 Uncommon trap: reason=loop_limit_check action=maybe_recompile pc=0x000002db5239095c method=java.awt.geom.AffineTransform.transform([FI[FII)V @ 470 c2
Event: 74.778 Thread 0x000002db61df6220 DEOPT PACKING pc=0x000002db5239095c sp=0x000000ecb58fdca0
Event: 74.778 Thread 0x000002db61df6220 DEOPT UNPACKING pc=0x000002db51e41382 sp=0x000000ecb58fdbc0 mode 2
Event: 75.857 Thread 0x000002db61df6220 DEOPT PACKING pc=0x000002db4ab776f4 sp=0x000000ecb58fd4c0
Event: 75.857 Thread 0x000002db61df6220 DEOPT UNPACKING pc=0x000002db51d71702 sp=0x000000ecb58fc930 mode 0

Classes loaded (20 events):
Event: 5.920 Loading class sun/awt/image/BufImgSurfaceManager
Event: 5.920 Loading class sun/awt/image/BufImgSurfaceManager done
Event: 7.793 Loading class sun/awt/SunToolkit$1
Event: 7.793 Loading class sun/awt/SunToolkit$1 done
Event: 7.800 Loading class java/awt/Window$1DisposeAction
Event: 7.800 Loading class java/awt/Window$1DisposeAction done
Event: 7.800 Loading class java/awt/EventQueue$1AWTInvocationLock
Event: 7.800 Loading class java/awt/EventQueue$1AWTInvocationLock done
Event: 8.675 Loading class javax/swing/text/GapContent$RemoveUndo
Event: 8.675 Loading class javax/swing/text/GapContent$RemoveUndo done
Event: 9.311 Loading class javax/swing/text/GapContent$UndoPosRef
Event: 9.311 Loading class javax/swing/text/GapContent$UndoPosRef done
Event: 21.228 Loading class java/awt/Canvas
Event: 21.228 Loading class java/awt/Canvas done
Event: 21.228 Loading class java/awt/Scrollbar
Event: 21.229 Loading class java/awt/Adjustable
Event: 21.229 Loading class java/awt/Adjustable done
Event: 21.229 Loading class java/awt/Scrollbar done
Event: 81.753 Loading class java/lang/invoke/MethodHandle$1
Event: 81.753 Loading class java/lang/invoke/MethodHandle$1 done

Classes unloaded (0 events):
No events

Classes redefined (0 events):
No events

Internal exceptions (20 events):
Event: 0.340 Thread 0x000002db61df6220 Exception <a 'java/lang/ClassNotFoundException'{0x0000000713e88728}: com/sun/swing/internal/plaf/basic/resources/spi/basicProvider> (0x0000000713e88728) 
thrown [s\open\src\hotspot\share\classfile\systemDictionary.cpp, line 327]
Event: 0.350 Thread 0x000002db61df6220 Exception <a 'java/lang/NoSuchMethodError'{0x0000000713eae6d0}: 'int java.lang.invoke.Invokers$Holder.invokeExact_MT(java.lang.Object, java.lang.Object)'> (0x0000000713eae6d0) 
thrown [s\open\src\hotspot\share\interpreter\linkResolver.cpp, line 804]
Event: 0.434 Thread 0x000002db61df6220 Exception <a 'java/lang/NoSuchMethodError'{0x0000000713c57290}: 'java.lang.Object java.lang.invoke.DirectMethodHandle$Holder.newInvokeSpecial(java.lang.Object, java.lang.Object, java.lang.Object, java.lang.Object, java.lang.Object, java.lang.Object)'> (0x0000000713c57290) 
thrown [s\open\src\hotspot\share\interpreter\linkResolver.cpp, line 804]
Event: 0.446 Thread 0x000002db66371750 Exception <a 'java/lang/NoSuchMethodError'{0x00000007145fb850}: 'void java.lang.invoke.DirectMethodHandle$Holder.invokeVirtual(java.lang.Object, java.lang.Object)'> (0x00000007145fb850) 
thrown [s\open\src\hotspot\share\interpreter\linkResolver.cpp, line 804]
Event: 0.465 Thread 0x000002db61df6220 Exception <a 'java/lang/NoSuchMethodError'{0x0000000713ca38d0}: 'void java.lang.invoke.DirectMethodHandle$Holder.invokeStaticInit(java.lang.Object)'> (0x0000000713ca38d0) 
thrown [s\open\src\hotspot\share\interpreter\linkResolver.cpp, line 804]
Event: 0.529 Thread 0x000002db61df6220 Exception <a 'java/lang/NoSuchMethodError'{0x0000000713cd80d0}: 'long java.lang.invoke.DirectMethodHandle$Holder.invokeStaticInit(java.lang.Object, long, long, long, long)'> (0x0000000713cd80d0) 
thrown [s\open\src\hotspot\share\interpreter\linkResolver.cpp, line 804]
Event: 0.530 Thread 0x000002db61df6220 Exception <a 'java/lang/NoSuchMethodError'{0x0000000713ce0b30}: 'java.lang.Object java.lang.invoke.DirectMethodHandle$Holder.invokeInterface(java.lang.Object, java.lang.Object, long, long)'> (0x0000000713ce0b30) 
thrown [s\open\src\hotspot\share\interpreter\linkResolver.cpp, line 804]
Event: 0.530 Thread 0x000002db61df6220 Exception <a 'java/lang/NoSuchMethodError'{0x0000000713a069e0}: 'void java.lang.invoke.DirectMethodHandle$Holder.invokeStaticInit(java.lang.Object, java.lang.Object, long, java.lang.Object)'> (0x0000000713a069e0) 
thrown [s\open\src\hotspot\share\interpreter\linkResolver.cpp, line 804]
Event: 0.530 Thread 0x000002db61df6220 Exception <a 'java/lang/NoSuchMethodError'{0x0000000713a0f4f8}: 'long java.lang.invoke.DirectMethodHandle$Holder.invokeStatic(java.lang.Object, long, long)'> (0x0000000713a0f4f8) 
thrown [s\open\src\hotspot\share\interpreter\linkResolver.cpp, line 804]
Event: 0.532 Thread 0x000002db61df6220 Exception <a 'java/lang/NoSuchMethodError'{0x0000000713a31878}: 'java.lang.Object java.lang.invoke.DirectMethodHandle$Holder.newInvokeSpecial(java.lang.Object, int, java.lang.Object)'> (0x0000000713a31878) 
thrown [s\open\src\hotspot\share\interpreter\linkResolver.cpp, line 804]
Event: 0.609 Thread 0x000002db61df6220 Exception <a 'java/lang/NoSuchMethodError'{0x0000000713abaf10}: 'void java.lang.invoke.DelegatingMethodHandle$Holder.reinvoke_L(java.lang.Object, java.lang.Object, java.lang.Object, long, float)'> (0x0000000713abaf10) 
thrown [s\open\src\hotspot\share\interpreter\linkResolver.cpp, line 804]
Event: 0.612 Thread 0x000002db61df6220 Exception <a 'java/lang/NoSuchMethodError'{0x0000000713ad3420}: 'java.lang.Object java.lang.invoke.DirectMethodHandle$Holder.invokeStatic(java.lang.Object, java.lang.Object, java.lang.Object, java.lang.Object, long)'> (0x0000000713ad3420) 
thrown [s\open\src\hotspot\share\interpreter\linkResolver.cpp, line 804]
Event: 0.614 Thread 0x000002db61df6220 Exception <a 'java/lang/NoSuchMethodError'{0x0000000713af57e0}: 'float java.lang.invoke.DelegatingMethodHandle$Holder.reinvoke_L(java.lang.Object, java.lang.Object, java.lang.Object, long)'> (0x0000000713af57e0) 
thrown [s\open\src\hotspot\share\interpreter\linkResolver.cpp, line 804]
Event: 0.708 Thread 0x000002db61df6220 Implicit null exception at 0x000002db522f5e31 to 0x000002db522f5e9c
Event: 5.284 Thread 0x000002db61df6220 Exception <a 'java/lang/NoSuchMethodError'{0x000000071395f570}: 'int java.lang.invoke.DelegatingMethodHandle$Holder.reinvoke_L(java.lang.Object, java.lang.Object, java.lang.Object, long)'> (0x000000071395f570) 
thrown [s\open\src\hotspot\share\interpreter\linkResolver.cpp, line 804]
Event: 5.286 Thread 0x000002db61df6220 Exception <a 'java/lang/NoSuchMethodError'{0x0000000713981770}: 'long java.lang.invoke.DelegatingMethodHandle$Holder.reinvoke_L(java.lang.Object, java.lang.Object, java.lang.Object, long)'> (0x0000000713981770) 
thrown [s\open\src\hotspot\share\interpreter\linkResolver.cpp, line 804]
Event: 5.287 Thread 0x000002db61df6220 Exception <a 'java/lang/NoSuchMethodError'{0x00000007139a2110}: 'java.lang.Object java.lang.invoke.DirectMethodHandle$Holder.invokeStatic(java.lang.Object, java.lang.Object, java.lang.Object, java.lang.Object, java.lang.Object, long)'> (0x00000007139a2110) 
thrown [s\open\src\hotspot\share\interpreter\linkResolver.cpp, line 804]
Event: 5.869 Thread 0x000002db664b6680 Exception <a 'java/lang/NoSuchMethodError'{0x0000000713da29b8}: 'void java.lang.invoke.Invokers$Holder.invokeExact_MT(java.lang.Object, java.lang.Object, java.lang.Object, java.lang.Object)'> (0x0000000713da29b8) 
thrown [s\open\src\hotspot\share\interpreter\linkResolver.cpp, line 804]
Event: 5.909 Thread 0x000002db664b6680 Exception <a 'java/lang/NoSuchMethodError'{0x0000000713de4df8}: 'int java.lang.invoke.DirectMethodHandle$Holder.invokeStatic(java.lang.Object)'> (0x0000000713de4df8) 
thrown [s\open\src\hotspot\share\interpreter\linkResolver.cpp, line 804]
Event: 72.121 Thread 0x000002db61df6220 Implicit null exception at 0x000002db5236ee8f to 0x000002db5236f444

VM Operations (20 events):
Event: 5.867 Executing non-safepoint VM operation: HandshakeAllThreads (Deoptimize)
Event: 5.867 Executing non-safepoint VM operation: HandshakeAllThreads (Deoptimize) done
Event: 5.872 Executing non-safepoint VM operation: HandshakeAllThreads (Deoptimize)
Event: 5.872 Executing non-safepoint VM operation: HandshakeAllThreads (Deoptimize) done
Event: 5.881 Executing non-safepoint VM operation: HandshakeAllThreads (Deoptimize)
Event: 5.881 Executing non-safepoint VM operation: HandshakeAllThreads (Deoptimize) done
Event: 5.919 Executing non-safepoint VM operation: HandshakeAllThreads (Deoptimize)
Event: 5.919 Executing non-safepoint VM operation: HandshakeAllThreads (Deoptimize) done
Event: 60.144 Executing non-safepoint VM operation: HandshakeAllThreads (HandshakeForDeflation)
Event: 60.144 Executing non-safepoint VM operation: HandshakeAllThreads (HandshakeForDeflation) done
Event: 60.144 Executing non-safepoint VM operation: RendezvousGCThreads
Event: 60.144 Executing non-safepoint VM operation: RendezvousGCThreads done
Event: 120.346 Executing non-safepoint VM operation: HandshakeAllThreads (HandshakeForDeflation)
Event: 120.346 Executing non-safepoint VM operation: HandshakeAllThreads (HandshakeForDeflation) done
Event: 120.346 Executing non-safepoint VM operation: RendezvousGCThreads
Event: 120.346 Executing non-safepoint VM operation: RendezvousGCThreads done
Event: 601.276 Executing non-safepoint VM operation: HandshakeAllThreads (HandshakeForDeflation)
Event: 601.277 Executing non-safepoint VM operation: HandshakeAllThreads (HandshakeForDeflation) done
Event: 601.277 Executing non-safepoint VM operation: RendezvousGCThreads
Event: 601.277 Executing non-safepoint VM operation: RendezvousGCThreads done

Memory protections (0 events):
No events

Nmethod flushes (0 events):
No events

Events (20 events):
Event: 0.034 Thread 0x000002db3fb946f0 Thread added: 0x000002db61987300
Event: 0.034 Thread 0x000002db3fb946f0 Thread added: 0x000002db6198bcb0
Event: 0.034 Thread 0x000002db3fb946f0 Thread added: 0x000002db619c1280
Event: 0.034 Thread 0x000002db3fb946f0 Thread added: 0x000002db619c71a0
Event: 0.034 Thread 0x000002db3fb946f0 Thread added: 0x000002db619c8340
Event: 0.066 Thread 0x000002db3fb946f0 Thread added: 0x000002db61b9f7b0
Event: 0.078 Thread 0x000002db619c8340 Thread added: 0x000002db619ca380
Event: 0.086 Thread 0x000002db3fb946f0 Thread added: 0x000002db61c35580
Event: 0.086 Thread 0x000002db3fb946f0 Thread added: 0x000002db61c35d40
Event: 0.250 Thread 0x000002db3fb946f0 Thread added: 0x000002db660bf400
Event: 0.251 Thread 0x000002db3fb946f0 Thread added: 0x000002db66370f90
Event: 0.251 Thread 0x000002db3fb946f0 Thread added: 0x000002db66371750
Event: 0.264 Thread 0x000002db3fb946f0 Thread added: 0x000002db61df6220
Event: 0.265 Thread 0x000002db3fb946f0 Thread exited: 0x000002db3fb946f0
Event: 0.265 Thread 0x000002db3fb946f0 Thread added: 0x000002db3fb946f0
Event: 0.390 Thread 0x000002db61df6220 Thread added: 0x000002db664b6680
Event: 0.759 Thread 0x000002db61df6220 Thread added: 0x000002db6658a990
Event: 0.804 Thread 0x000002db619ca380 Thread exited: 0x000002db619ca380
Event: 5.875 Thread 0x000002db664b6680 Thread added: 0x000002db6658b160
Event: 10.877 Thread 0x000002db6658b160 Thread exited: 0x000002db6658b160


Dynamic libraries:
0x00007ff672b00000 - 0x00007ff672b10000 	E:\python\jdk-25.0.2\bin\java.exe
0x00007ffbfe2a0000 - 0x00007ffbfe507000 	C:\WINDOWS\SYSTEM32\ntdll.dll
0x00007ffbfc810000 - 0x00007ffbfc8d9000 	C:\WINDOWS\System32\KERNEL32.DLL
0x00007ffbfb810000 - 0x00007ffbfbc04000 	C:\WINDOWS\System32\KERNELBASE.dll
0x00007ffbfada0000 - 0x00007ffbfaeeb000 	C:\WINDOWS\System32\ucrtbase.dll
0x00007ffbea9a0000 - 0x00007ffbea9be000 	E:\python\jdk-25.0.2\bin\VCRUNTIME140.dll
0x00007ffbeaa10000 - 0x00007ffbeaa27000 	E:\python\jdk-25.0.2\bin\jli.dll
0x00007ffbfc220000 - 0x00007ffbfc3e5000 	C:\WINDOWS\System32\USER32.dll
0x00007ffbdf9a0000 - 0x00007ffbdfc33000 	C:\WINDOWS\WinSxS\amd64_microsoft.windows.common-controls_6595b64144ccf1df_6.0.26100.8115_none_3e075c82e3354f9c\COMCTL32.dll
0x00007ffbfbd90000 - 0x00007ffbfbdb7000 	C:\WINDOWS\System32\win32u.dll
0x00007ffbfc3f0000 - 0x00007ffbfc499000 	C:\WINDOWS\System32\msvcrt.dll
0x00007ffbfcd50000 - 0x00007ffbfcd7b000 	C:\WINDOWS\System32\GDI32.dll
0x00007ffbfbdc0000 - 0x00007ffbfbeeb000 	C:\WINDOWS\System32\gdi32full.dll
0x00007ffbfbef0000 - 0x00007ffbfbf93000 	C:\WINDOWS\System32\msvcp_win.dll
0x00007ffbfc1d0000 - 0x00007ffbfc202000 	C:\WINDOWS\System32\IMM32.DLL
0x00007ffbec540000 - 0x00007ffbec54c000 	E:\python\jdk-25.0.2\bin\vcruntime140_1.dll
0x00007ffbe19b0000 - 0x00007ffbe1a3d000 	E:\python\jdk-25.0.2\bin\msvcp140.dll
0x00007ffb5bb90000 - 0x00007ffb5c9ef000 	E:\python\jdk-25.0.2\bin\server\jvm.dll
0x00007ffbfca00000 - 0x00007ffbfcab6000 	C:\WINDOWS\System32\ADVAPI32.dll
0x00007ffbfcd80000 - 0x00007ffbfce27000 	C:\WINDOWS\System32\sechost.dll
0x00007ffbfc690000 - 0x00007ffbfc7a8000 	C:\WINDOWS\System32\RPCRT4.dll
0x00007ffbfd7c0000 - 0x00007ffbfd840000 	C:\WINDOWS\System32\WS2_32.dll
0x00007ffbeb570000 - 0x00007ffbeb57b000 	C:\WINDOWS\SYSTEM32\VERSION.dll
0x00007ffbf82d0000 - 0x00007ffbf8306000 	C:\WINDOWS\SYSTEM32\WINMM.dll
0x00007ffbfa9d0000 - 0x00007ffbfaa2e000 	C:\WINDOWS\SYSTEM32\POWRPROF.dll
0x00007ffbfa9b0000 - 0x00007ffbfa9c4000 	C:\WINDOWS\SYSTEM32\UMPDC.dll
0x00007ffbf9900000 - 0x00007ffbf991b000 	C:\WINDOWS\SYSTEM32\kernel.appcore.dll
0x00007ffbea650000 - 0x00007ffbea65a000 	E:\python\jdk-25.0.2\bin\jimage.dll
0x00007ffbf89b0000 - 0x00007ffbf8bf2000 	C:\WINDOWS\SYSTEM32\DBGHELP.DLL
0x00007ffbfdd50000 - 0x00007ffbfe0d2000 	C:\WINDOWS\System32\combase.dll
0x00007ffbfc8f0000 - 0x00007ffbfc9c8000 	C:\WINDOWS\System32\OLEAUT32.dll
0x00007ffbddc40000 - 0x00007ffbddc7b000 	C:\WINDOWS\SYSTEM32\dbgcore.DLL
0x00007ffbfaef0000 - 0x00007ffbfaf95000 	C:\WINDOWS\System32\bcryptPrimitives.dll
0x00007ffbe1260000 - 0x00007ffbe1270000 	E:\python\jdk-25.0.2\bin\instrument.dll
0x00007ffbe1b30000 - 0x00007ffbe1b4f000 	E:\python\jdk-25.0.2\bin\java.dll
0x00007ffbfce30000 - 0x00007ffbfcfc7000 	C:\WINDOWS\System32\ole32.dll
0x00007ffbfd050000 - 0x00007ffbfd7b7000 	C:\WINDOWS\System32\SHELL32.dll
0x00007ffbfab70000 - 0x00007ffbfacda000 	C:\WINDOWS\System32\wintypes.dll
0x00007ffbfafa0000 - 0x00007ffbfb808000 	C:\WINDOWS\System32\windows.storage.dll
0x00007ffbfcb50000 - 0x00007ffbfcc48000 	C:\WINDOWS\System32\SHCORE.dll
0x00007ffbfd850000 - 0x00007ffbfd8b6000 	C:\WINDOWS\System32\shlwapi.dll
0x00007ffbfaa90000 - 0x00007ffbfaab9000 	C:\WINDOWS\SYSTEM32\profapi.dll
0x00007ffbe18c0000 - 0x00007ffbe18d7000 	E:\python\jdk-25.0.2\bin\zip.dll
0x00007ffbe1990000 - 0x00007ffbe19a2000 	E:\python\jdk-25.0.2\bin\net.dll
0x00007ffbf9e70000 - 0x00007ffbf9edc000 	C:\WINDOWS\system32\mswsock.dll
0x00007ffbe1970000 - 0x00007ffbe1986000 	E:\python\jdk-25.0.2\bin\nio.dll
0x00007ffbe1240000 - 0x00007ffbe1249000 	E:\python\jdk-25.0.2\bin\extnet.dll
0x00007ffbd33c0000 - 0x00007ffbd3544000 	E:\python\jdk-25.0.2\bin\awt.dll
0x00007ffbf7980000 - 0x00007ffbf7a1f000 	C:\WINDOWS\SYSTEM32\apphelp.dll
0x00007ffbf7aa0000 - 0x00007ffbf7b49000 	C:\WINDOWS\system32\uxtheme.dll
0x00007ffbfe0e0000 - 0x00007ffbfe23c000 	C:\WINDOWS\System32\MSCTF.dll
0x00007ffbf7d40000 - 0x00007ffbf7d6f000 	C:\WINDOWS\system32\DWMAPI.DLL
0x00007ffb6f6a0000 - 0x00007ffb6f7af000 	C:\WINDOWS\system32\opengl32.dll
0x00007ffb6f670000 - 0x00007ffb6f69d000 	C:\WINDOWS\SYSTEM32\GLU32.dll
0x00007ffbf7b80000 - 0x00007ffbf7bc3000 	C:\WINDOWS\SYSTEM32\dxcore.dll
0x00007ffbf9340000 - 0x00007ffbf9472000 	C:\WINDOWS\SYSTEM32\DNSAPI.dll
0x00007ffbf92b0000 - 0x00007ffbf92e2000 	C:\WINDOWS\SYSTEM32\IPHLPAPI.DLL
0x00007ffbfc8e0000 - 0x00007ffbfc8ea000 	C:\WINDOWS\System32\NSI.dll
0x00007ffbf2a00000 - 0x00007ffbf2a0b000 	C:\Windows\System32\rasadhlp.dll
0x00007ffbf4e20000 - 0x00007ffbf4ea6000 	C:\WINDOWS\System32\fwpuclnt.dll
0x00007ffbd3330000 - 0x00007ffbd33b7000 	E:\python\jdk-25.0.2\bin\freetype.dll
0x00007ffbd3240000 - 0x00007ffbd332e000 	E:\python\jdk-25.0.2\bin\fontmanager.dll
0x00007ffbfc0b0000 - 0x00007ffbfc15e000 	C:\WINDOWS\System32\clbcatq.dll
0x00007ffbf5c60000 - 0x00007ffbf5e8e000 	C:\WINDOWS\SYSTEM32\WindowsCodecs.dll
0x00007ffbbcb00000 - 0x00007ffbbcb5a000 	C:\WINDOWS\system32\dataexchange.dll
0x00007ffbebdb0000 - 0x00007ffbebffd000 	C:\WINDOWS\system32\twinapi.appcore.dll
0x00007ffbe9e20000 - 0x00007ffbe9f68000 	C:\WINDOWS\SYSTEM32\textinputframework.dll
0x00007ffbf75a0000 - 0x00007ffbf76c7000 	C:\WINDOWS\SYSTEM32\CoreMessaging.dll
0x00007ffbf5000000 - 0x00007ffbf52e2000 	C:\WINDOWS\SYSTEM32\CoreUIComponents.dll
0x00007ffbfa170000 - 0x00007ffbfa17c000 	C:\WINDOWS\SYSTEM32\CRYPTBASE.DLL

JVMTI agents:
C:\Users\Trong\Downloads\IntelliJ IDEA 2025.3.3\lib\idea_rt.jar path:E:\python\jdk-25.0.2\bin\instrument.dll, loaded, initialized, instrumentlib options:51526

dbghelp: loaded successfully - version: 4.0.5 - missing functions: none
symbol engine: initialized successfully - sym options: 0x614 - pdb path: .;E:\python\jdk-25.0.2\bin;C:\WINDOWS\SYSTEM32;C:\WINDOWS\WinSxS\amd64_microsoft.windows.common-controls_6595b64144ccf1df_6.0.26100.8115_none_3e075c82e3354f9c;E:\python\jdk-25.0.2\bin\server

VM Arguments:
jvm_args: -javaagent:C:\Users\Trong\Downloads\IntelliJ IDEA 2025.3.3\lib\idea_rt.jar=51526 -Dfile.encoding=UTF-8 -Dsun.stdout.encoding=UTF-8 -Dsun.stderr.encoding=UTF-8 
java_command: client.ui.auth.AuthFrame
java_class_path (initial): E:\javaproject\target\classes;C:\Users\Trong\.m2\repository\com\google\code\gson\gson\2.10.1\gson-2.10.1.jar;C:\Users\Trong\.m2\repository\com\mysql\mysql-connector-j\8.3.0\mysql-connector-j-8.3.0.jar;C:\Users\Trong\.m2\repository\com\google\protobuf\protobuf-java\3.25.1\protobuf-java-3.25.1.jar
Launcher Type: SUN_STANDARD

[Global flags]
     intx CICompilerCount                          = 4                                         {product} {ergonomic}
     uint ConcGCThreads                            = 3                                         {product} {ergonomic}
     uint G1ConcRefinementThreads                  = 10                                        {product} {ergonomic}
   size_t G1HeapRegionSize                         = 2097152                                   {product} {ergonomic}
   size_t InitialHeapSize                          = 264241152                                 {product} {ergonomic}
   size_t MarkStackSize                            = 4194304                                   {product} {ergonomic}
   size_t MarkStackSizeMax                         = 536870912                                 {product} {ergonomic}
   size_t MaxHeapSize                              = 4213178368                                {product} {ergonomic}
   size_t MaxNewSize                               = 2527068160                                {product} {ergonomic}
   size_t MinHeapDeltaBytes                        = 2097152                                   {product} {ergonomic}
   size_t MinHeapSize                              = 8388608                                   {product} {ergonomic}
    uintx NonNMethodCodeHeapSize                   = 5832704                                {pd product} {ergonomic}
    uintx NonProfiledCodeHeapSize                  = 122945536                              {pd product} {ergonomic}
    uintx ProfiledCodeHeapSize                     = 122880000                              {pd product} {ergonomic}
    uintx ReservedCodeCacheSize                    = 251658240                              {pd product} {ergonomic}
     bool SegmentedCodeCache                       = true                                      {product} {ergonomic}
   size_t SoftMaxHeapSize                          = 4213178368                             {manageable} {ergonomic}
     bool UseCompressedOops                        = true                           {product lp64_product} {ergonomic}
     bool UseG1GC                                  = true                                      {product} {ergonomic}
     bool UseLargePagesIndividualAllocation        = false                                  {pd product} {ergonomic}

Logging:
Log output configuration:
 #0: stdout all=warning uptime,level,tags foldmultilines=false
 #1: stderr all=off uptime,level,tags foldmultilines=false

Release file:
IMPLEMENTOR="Oracle Corporation" 
JAVA_RUNTIME_VERSION="25.0.2+10-LTS-69" 
JAVA_VERSION="25.0.2" 
JAVA_VERSION_DATE="2026-01-20" 
LIBC="default" 
MODULES="java.base java.compiler java.datatransfer java.xml java.prefs java.desktop java.instrument java.logging java.management java.security.sasl java.naming java.rmi java.management.rmi java.net.http java.scripting java.security.jgss java.transaction.xa java.sql java.sql.rowset java.xml.crypto java.se java.smartcardio jdk.accessibility jdk.internal.jvmstat jdk.attach jdk.charsets jdk.internal.opt jdk.zipfs jdk.compiler jdk.crypto.cryptoki jdk.crypto.ec jdk.crypto.mscapi jdk.dynalink jdk.internal.ed jdk.editpad jdk.internal.vm.ci jdk.graal.compiler jdk.graal.compiler.management jdk.hotspot.agent jdk.httpserver jdk.incubator.vector jdk.internal.le jdk.internal.md jdk.jartool jdk.javadoc jdk.jcmd jdk.management jdk.management.agent jdk.jconsole jdk.jdeps jdk.jdwp.agent jdk.jdi jdk.jfr jdk.jlink jdk.jpackage jdk.jshell jdk.jsobject jdk.jstatd jdk.localedata jdk.management.jfr jdk.naming.dns jdk.naming.rmi jdk.net jdk.nio.mapmode jdk.sctp jdk.security.auth jdk.security.jgss jdk.unsupported jdk.unsupported.desktop jdk.xml.dom" 
OS_ARCH="x86_64" 
OS_NAME="Windows" 
SOURCE=".:git:b75efb40c93a open:git:405a5699ebd0" 

Environment Variables:
JAVA_HOME=E:\python\jdk-25.0.2
PATH=C:\Program Files\Eclipse Adoptium\jdk-17.0.18.8-hotspot\bin;C:\Program Files (x86)\Common Files\Oracle\Java\javapath;C:\WINDOWS\system32;C:\WINDOWS;C:\WINDOWS\System32\Wbem;C:\WINDOWS\System32\WindowsPowerShell\v1.0\;C:\WINDOWS\System32\OpenSSH\;C:\Program Files\dotnet\;C:\Program Files\Git\cmd;E:\python\jdk-25.0.2\bin;C:\Users\Trong\AppData\Local\Programs\Python\Python313\Scripts\;C:\Users\Trong\AppData\Local\Programs\Python\Python313\;C:\Users\Trong\AppData\Local\Microsoft\WindowsApps;C:\Users\Trong\AppData\Local\Programs\Microsoft VS Code\bin
USERNAME=Trong
OS=Windows_NT
PROCESSOR_IDENTIFIER=Intel64 Family 6 Model 186 Stepping 3, GenuineIntel
TMP=C:\Users\Trong\AppData\Local\Temp
TEMP=C:\Users\Trong\AppData\Local\Temp




Compilation memory statistics disabled.

Periodic native trim disabled

---------------  S Y S T E M  ---------------

OS:
 Windows 11 , 64 bit Build 26100 (10.0.26100.8246)
OS uptime: 0 days 0:35 hours
Hyper-V role detected

CPU: total 12 (initial active 12) (6 cores per cpu, 2 threads per core) family 6 model 186 stepping 3 microcode 0x6134, cx8, cmov, fxsr, ht, mmx, 3dnowpref, sse, sse2, sse3, ssse3, sse4.1, sse4.2, popcnt, lzcnt, tsc, tscinvbit, avx, avx2, aes, erms, clmul, bmi1, bmi2, adx, sha, fma, vzeroupper, clflush, clflushopt, clwb, hv, serialize, rdtscp, rdpid, fsrm, gfni, f16c, cet_ibt, cet_ss
Processor Information for the first 12 processors :
  Max Mhz: 1700, Current Mhz: 1700, Mhz Limit: 1700

Memory: 4k page, system-wide physical 16068M (3148M free)
TotalPageFile size 25284M (AvailPageFile size 8539M)
current process WorkingSet (physical memory assigned to process): 115M, peak: 126M
current process commit charge ("private bytes"): 379M, peak: 391M

vm_info: Java HotSpot(TM) 64-Bit Server VM (25.0.2+10-LTS-69) for windows-amd64 JRE (25.0.2+10-LTS-69), built on 2025-12-18T11:36:35Z with MS VC++ 17.13 (VS2022)

END.
